"customer_id","contact","country","dob","email","first_name","gender","last_name"
1,"970-613-2617","Ukraine","24-06-2012","dishak0@alexa.com","Dud","Male","Ishak"
5,"343-984-1150","Indonesia","19-10-1992","bfilov4@engadget.com","Bing","Male","Filov"
6,"615-444-4318","Brazil","24-05-1990","wdouberday5@mozilla.org","West","Male","Douberday"
7,"149-504-2848","Dominican Republic","01-04-2020","mnorthridge6@newsvine.com","Marion","Female","Northridge"
8,"800-103-2454","China","09-05-1993","hwhittle7@free.fr","Hillary","Non-binary","Whittle"
9,"442-441-9317","Indonesia","24-10-2010","ssemour8@live.com","Standford","Genderqueer","Semour"
10,"654-596-4163","Netherlands","04-08-1999","borridge9@exblog.jp","Babs","Female","Orridge"
11,"799-950-8349","China","10-08-1999","adunnetta@microsoft.com","Arliene","Female","Dunnett"
12,"100-307-6924","Ukraine","20-06-2009","abickb@icq.com","Anabal","Female","Bick"
13,"627-566-6711","China","16-11-2012","thoodlassc@ucsd.edu","Thelma","Female","Hoodlass"
3,"997-395-9270","France","12-05-1994","sgaw2@mit.edu","Sallie","Female","Gaw"
23,"869-144-1196","Brazil","06-08-2011","aotimonym@gov.uk","Ade","Male","O' Timony"
26,"712-218-2506","Indonesia","02-04-1993","lwelbelovep@wikipedia.org","Lauree","Female","Welbelove"
28,"582-122-9264","Slovenia","16-10-1998","whammr@virginia.edu","Winthrop","Male","Hamm"
30,"443-819-1410","China","17-11-2002","lskipseyt@oaic.gov.au","Lenci","Male","Skipsey"
32,"530-901-1228","Brazil","04-06-1996","mdoretv@flavors.me","Moss","Male","Doret"
34,"258-586-8992","Brazil","23-10-2019","aarmytagex@cocolog-nifty.com","Arlena","Female","Armytage"
35,"407-843-4247","Greece","08-09-2014","ihamleny@sakura.ne.jp","Ianthe","Bigender","Hamlen"
38,"323-136-0870","United States","13-12-1991","dgolby11@privacy.gov.au","Demetris","Female","Golby"
39,"143-309-5021","China","10-08-2014","bbenez12@ustream.tv","Brianna","Female","Benez"
4,"592-563-0424","Democratic Republic of the Congo","08-04-2001","bdebiasi3@ucla.edu","Belle","Female","De Biasi"
14,"326-887-9247","France","28-11-1990","osperrettd@feedburner.com","Othello","Male","Sperrett"
15,"928-973-7589","China","12-11-2016","kherchee@cbslocal.com","Kristal","Female","Herche"
16,"733-212-0386","Brazil","27-04-2012","agoldbergf@ted.com","Archibaldo","Male","Goldberg"
17,"231-864-6056","Bosnia and Herzegovina","30-12-1994","tsutherang@wired.com","Traver","Male","Sutheran"
18,"641-445-0261","Brazil","22-02-2015","nbaggallyh@discuz.net","Noelani","Female","Baggally"
19,"222-435-3367","Bulgaria","19-01-2011","mpeetermanni@rambler.ru","Maye","Female","Peetermann"
20,"415-111-0479","Ecuador","13-11-2005","bcoleyshawj@unc.edu","Barbara","Agender","Coleyshaw"
21,"191-884-4571","Tunisia","16-12-2014","frewank@msu.edu","Fania","Female","Rewan"
22,"257-206-7432","Indonesia","23-01-2013","woakesl@illinois.edu","Wolfgang","Male","Oakes"
2,"614-319-7266","United States","18-09-2003","jbragg1@go.com","Jolyn","Genderqueer","Bragg"
24,"458-114-4414","China","14-04-2017","cdyersn@wikimedia.org","Cherrita","Female","Dyers"
25,"844-259-6129","Greece","29-08-2016","rpicknetto@sitemeter.com","Ram","Male","Picknett"
27,"738-533-1171","Iran","15-07-2006","cfleischerq@earthlink.net","Christie","Male","Fleischer"
29,"320-144-8534","China","20-07-2000","cthrings@cpanel.net","Cedric","Male","Thring"
31,"755-125-7502","Poland","06-11-2017","mbreenu@gravatar.com","Marna","Female","Breen"
33,"257-379-3499","Brazil","08-02-2018","ggarlandw@webeden.co.uk","Goldie","Female","Garland"
36,"750-276-1808","Portugal","10-02-2000","mkenworthz@gmpg.org","Mame","Female","Kenworth"
37,"345-311-4328","Russia","23-02-2002","jokeefe10@artisteer.com","Joletta","Female","O'Keefe"
40,"362-587-9986","Philippines","25-10-1994","gmahedy13@sbwire.com","Gratia","Female","Mahedy"
41,"621-600-1159","Russia","25-04-2014","akensall14@de.vu","Allissa","Female","Kensall"
42,"674-550-0587","Brazil","21-12-1999","ilaba15@jalbum.net","Ingaberg","Female","Laba"
43,"220-483-5637","Ukraine","09-10-2007","gbabalola16@deviantart.com","Glory","Bigender","Babalola"
44,"560-750-1697","China","03-02-1996","yhemms17@phpbb.com","Yorke","Male","Hemms"
45,"714-554-4153","Sweden","23-07-1998","hnajara18@twitpic.com","Haskel","Male","Najara"
46,"870-183-5539","Finland","07-05-1990","lportress19@seesaa.net","Lennie","Male","Portress"
47,"746-893-9654","Marshall Islands","12-05-2010","fgoodoune1a@yellowbook.com","Fabian","Male","Goodoune"
48,"229-940-0648","Montenegro","21-02-2004","vlambarton1b@ebay.com","Valentin","Male","Lambarton"
49,"557-794-1168","France","19-02-2018","cabrahamsen1c@deviantart.com","Colas","Polygender","Abrahamsen"
50,"538-928-2462","Colombia","20-09-2016","coscully1d@samsung.com","Christabella","Female","O'Scully"
61,"117-607-6908","Ireland","31-07-2014","nmillson1o@bizjournals.com","Norris","Male","Millson"
62,"891-446-0089","Russia","14-11-2019","toculligan1p@biglobe.ne.jp","Tait","Male","O' Culligan"
63,"443-669-1163","China","10-02-1995","mferrarone1q@slate.com","Mabel","Female","Ferrarone"
64,"874-226-4208","Nigeria","02-09-2000","sdoud1r@uiuc.edu","Shepherd","Male","Doud"
65,"522-621-9071","Poland","04-01-2007","alarmour1s@hatena.ne.jp","Alvin","Male","Larmour"
66,"901-266-9397","Greece","19-12-2002","mtellwright1t@youtu.be","May","Female","Tellwright"
67,"551-205-2523","Ireland","10-03-2004","bvallens1u@tumblr.com","Bret","Male","Vallens"
68,"896-323-8268","Czech Republic","11-10-2014","gcreavan1v@biglobe.ne.jp","Gertrudis","Female","Creavan"
69,"688-897-1545","France","22-08-2010","bbolino1w@bbb.org","Bev","Polygender","Bolino"
70,"204-819-8853","Russia","30-08-2016","ghedgeman1x@topsy.com","Gilberte","Female","Hedgeman"
51,"553-748-1871","South Africa","06-04-2018","btrinke1e@hatena.ne.jp","Bennie","Non-binary","Trinke"
52,"730-252-2548","Chile","28-10-2018","cmackleden1f@wufoo.com","Cristian","Male","Mackleden"
53,"716-544-4886","China","27-10-2015","rsantello1g@trellian.com","Rufus","Male","Santello"
54,"586-272-2263","Indonesia","06-04-2001","ssongust1h@prlog.org","Smith","Male","Songust"
55,"288-561-9583","Indonesia","28-07-2017","jrodger1i@cnet.com","Jeni","Genderqueer","Rodger"
56,"560-978-8891","Mauritius","31-03-2009","ccomiam1j@who.int","Constanta","Female","Comiam"
57,"104-338-0122","China","30-01-2005","bcutbirth1k@domainmarket.com","Burty","Male","Cutbirth"
58,"495-708-8739","France","02-03-2000","kcaddie1l@nsw.gov.au","Keefer","Male","Caddie"
59,"203-806-9578","France","12-04-2000","jankers1m@linkedin.com","Jarib","Male","Ankers"
60,"939-519-9155","China","11-11-2014","nrennolds1n@arizona.edu","Nikita","Male","Rennolds"
71,"649-415-9535","Russia","25-08-1995","ahacquoil1y@rambler.ru","Alf","Male","Hacquoil"
72,"225-181-7339","Philippines","27-06-2009","cgallager1z@bbc.co.uk","Clemens","Male","Gallager"
73,"835-396-0847","China","22-04-1994","ekares20@unc.edu","Ezra","Male","Kares"
74,"925-961-9539","Philippines","21-03-2020","ucoom21@symantec.com","Ugo","Male","Coom"
75,"699-566-1150","Azerbaijan","23-02-1999","aruggiero22@phpbb.com","Arthur","Male","Ruggiero"
76,"843-664-5976","Serbia","25-12-1997","rkindall23@elpais.com","Rockey","Male","Kindall"
77,"467-261-5095","China","31-12-1990","rfarrear24@symantec.com","Rurik","Male","Farrear"
78,"390-205-6658","Russia","01-12-2015","ndillow25@techcrunch.com","Nichole","Male","Dillow"
79,"293-593-3922","Czech Republic","14-01-2005","jbrydie26@people.com.cn","Jorge","Male","Brydie"
80,"990-587-6042","Indonesia","29-06-2014","adefries27@noaa.gov","Albrecht","Male","Defries"
94,"455-784-8545","Poland","21-11-2010","esnoddy2l@blogger.com","Euell","Male","Snoddy"
105,"797-543-2634","Germany","14-08-1995","slouis2w@mediafire.com","Sisile","Female","Louis"
107,"474-833-7890","Indonesia","07-06-2009","vashmore2y@xinhuanet.com","Vivyanne","Female","Ashmore"
110,"712-410-7384","China","06-05-1997","leliesco31@foxnews.com","Lauren","Male","Eliesco"
111,"106-840-2143","China","06-06-1990","emoyles32@qq.com","Eugene","Male","Moyles"
112,"544-597-8074","China","14-11-2017","khourston33@eepurl.com","Karoline","Female","Hourston"
113,"593-837-0502","Sweden","05-11-2019","scrowley34@pagesperso-orange.fr","Stormi","Non-binary","Crowley"
115,"559-657-6782","China","03-10-2008","scaveney36@sourceforge.net","Selby","Male","Caveney"
116,"196-442-5822","Lesotho","21-02-2002","cfanthome37@skype.com","Cooper","Bigender","Fanthome"
117,"240-898-3205","Portugal","24-05-2000","vohollegan38@shareasale.com","Valentijn","Male","O'Hollegan"
151,"979-558-0634","Japan","06-05-2007","scorhard46@cloudflare.com","Sunny","Female","Corhard"
152,"543-557-0631","Pakistan","10-05-1991","srappa47@elpais.com","Shayna","Female","Rappa"
153,"408-208-1473","United States","16-10-2003","zduiguid48@yahoo.co.jp","Zita","Female","Duiguid"
154,"638-876-8410","Netherlands","28-05-1998","fboobier49@acquirethisname.com","Franky","Male","Boobier"
155,"722-149-7198","Honduras","22-09-1997","kgilhooley4a@livejournal.com","Kristos","Male","Gilhooley"
156,"507-126-2590","Ireland","22-06-2015","athornally4b@about.com","Aubert","Polygender","Thornally"
157,"413-558-8244","China","08-09-1998","lianno4c@webnode.com","Lucretia","Female","Ianno"
158,"824-377-5383","Georgia","16-08-2009","uwhitlow4d@a8.net","Urban","Male","Whitlow"
159,"712-108-1850","Vietnam","13-04-1995","hrhubottom4e@wordpress.com","Harold","Male","Rhubottom"
160,"280-919-6653","United Kingdom","19-07-2019","cbanville4f@gnu.org","Catharina","Female","Banville"
165,"470-507-9762","France","08-01-2013","lprivost4k@phoca.cz","Leigh","Male","Privost"
169,"665-762-3223","Indonesia","19-04-2003","aoscroft4o@hibu.com","Archambault","Male","Oscroft"
172,"260-728-3162","China","13-07-2017","dduthy4r@patch.com","Daniel","Genderfluid","Duthy"
175,"729-168-0784","Morocco","30-12-2020","aedgerly4u@seesaa.net","Anallise","Female","Edgerly"
177,"919-966-0249","Germany","17-02-1997","kbutner4w@gizmodo.com","Kippar","Male","Butner"
178,"343-337-3161","Thailand","25-03-1991","bbenezeit4x@4shared.com","Brant","Male","Benezeit"
181,"506-529-2603","China","22-01-2009","brobbey50@scribd.com","Bran","Male","Robbey"
183,"951-174-3028","Brazil","02-03-2021","kbraunfeld52@bbb.org","Killian","Male","Braunfeld"
186,"867-356-4923","Nigeria","02-07-2019","rhazeup55@mail.ru","Roderich","Male","Hazeup"
188,"616-217-3402","United States","10-04-1996","ecosti57@timesonline.co.uk","Enriqueta","Female","Costi"
251,"214-743-7019","United States","29-06-1999","cdurnan6y@imgur.com","Cly","Male","Durnan"
252,"240-660-9166","United States","08-02-2004","balbrooke6z@printfriendly.com","Bertram","Male","Albrooke"
253,"692-621-2826","Finland","04-11-1990","ftuckie70@marketwatch.com","Florian","Male","Tuckie"
254,"137-904-9837","Japan","19-07-1996","apurveys71@hexun.com","Adolpho","Male","Purveys"
255,"575-793-2194","Serbia","05-08-1998","gpippin72@surveymonkey.com","Gav","Male","Pippin"
256,"734-456-4150","Indonesia","11-05-2004","cmalicki73@google.pl","Catherina","Female","Malicki"
257,"563-521-7455","Brazil","11-06-2001","rtraill74@unicef.org","Rance","Male","Traill"
258,"484-864-7383","Portugal","08-02-2002","labbs75@rediff.com","Lolita","Female","Abbs"
259,"635-690-8188","Georgia","07-09-1995","wbrugger76@fotki.com","Winfield","Male","Brugger"
260,"484-244-8600","Canada","18-04-2014","etrazzi77@huffingtonpost.com","Elly","Female","Trazzi"
282,"988-184-9540","Tanzania","18-02-1997","kmetzke7t@list-manage.com","Kalila","Female","Metzke"
291,"829-523-9417","Indonesia","17-09-1994","cbolletti82@jigsy.com","Corine","Female","Bolletti"
293,"239-416-0282","Sweden","22-03-2003","xmamwell84@intel.com","Xymenes","Male","Mamwell"
294,"543-246-0684","China","04-01-2012","ztewes85@parallels.com","Zeb","Male","Tewes"
295,"812-871-3590","Brazil","29-01-2011","lkyttor86@tripod.com","Libbi","Female","Kyttor"
296,"862-820-7674","China","30-07-2005","zyorke87@stumbleupon.com","Zaneta","Bigender","Yorke"
297,"180-399-6530","Poland","03-01-2017","mstaines88@washingtonpost.com","Meredith","Female","Staines"
308,"632-507-3533","Brazil","16-06-2012","aleachman8j@auda.org.au","Antonio","Male","Leachman"
309,"425-477-1576","China","16-10-2000","pfanner8k@biglobe.ne.jp","Padgett","Male","Fanner"
312,"896-513-3684","Indonesia","23-08-2010","bridewood8n@ameblo.jp","Bertine","Female","Ridewood"
333,"510-494-7329","China","13-10-1990","rbalding98@ibm.com","Rebecka","Female","Balding"
334,"216-838-8128","Czech Republic","17-11-2008","sbuckoke99@stanford.edu","Sibylla","Female","Buckoke"
335,"864-606-9350","China","19-12-2020","lrentz9a@123-reg.co.uk","Lilah","Female","Rentz"
336,"245-932-9165","Indonesia","15-01-2019","giacomini9b@spotify.com","Georgetta","Female","Iacomini"
337,"396-344-2213","Portugal","18-04-2000","jbellany9c@nih.gov","Joy","Female","Bellany"
339,"265-630-4578","Portugal","03-06-2013","wplewes9e@naver.com","Wildon","Male","Plewes"
341,"416-597-2857","Sweden","22-05-2013","bgodfrey9g@yahoo.com","Bennie","Female","Godfrey"
343,"212-965-0195","Philippines","06-09-2008","mstoffel9i@creativecommons.org","Meggi","Female","Stoffel"
346,"251-865-7968","France","17-08-1992","pmityushkin9l@meetup.com","Pauly","Agender","Mityushkin"
349,"963-376-5442","Senegal","04-11-2011","cstrover9o@prnewswire.com","Celestyn","Non-binary","Strover"
361,"315-169-7168","Greece","21-09-2001","echallicea0@storify.com","Emmett","Male","Challice"
362,"140-336-6471","Australia","12-07-2003","dcalderheada1@acquirethisname.com","Dix","Female","Calderhead"
363,"151-650-6741","Thailand","02-08-2008","vcraythorna2@vistaprint.com","Vania","Female","Craythorn"
364,"517-317-8464","Philippines","05-04-2017","mpiroueta3@chicagotribune.com","Myra","Female","Pirouet"
367,"904-400-5419","Canada","27-08-2012","sbollettia6@i2i.jp","Saree","Female","Bolletti"
81,"321-278-5972","China","31-01-2020","mlongstaff28@webs.com","Murvyn","Male","Longstaff"
82,"562-453-2275","United States","19-09-2021","ecrosland29@cloudflare.com","Ewan","Male","Crosland"
83,"710-439-5441","China","07-12-1990","jweond2a@google.ru","Jacynth","Female","Weond"
84,"835-391-9721","South Africa","30-01-2007","gbuttgow2b@360.cn","Genni","Female","Butt Gow"
85,"679-369-7397","Russia","10-09-2019","aloyley2c@free.fr","Ardelis","Female","Loyley"
86,"195-574-0892","Portugal","10-09-2015","sfurtado2d@jiathis.com","Sholom","Male","Furtado"
87,"739-937-9018","Indonesia","04-08-2012","hlinn2e@redcross.org","Hedwig","Female","Linn"
88,"355-906-1899","Thailand","18-11-2020","rblacksell2f@usgs.gov","Rutherford","Male","Blacksell"
89,"142-614-5150","Malaysia","28-08-2021","rscrinage2g@statcounter.com","Rice","Male","Scrinage"
90,"962-254-0894","China","25-10-2002","kkleynen2h@unicef.org","Kerry","Male","Kleynen"
121,"482-528-3275","Azerbaijan","08-03-2001","cdechastelain3c@photobucket.com","Chrotoem","Male","de Chastelain"
122,"292-279-5260","Peru","26-11-2016","amaccall3d@soundcloud.com","Adella","Female","MacCall"
123,"405-412-8795","Philippines","28-08-2005","lpaulucci3e@elegantthemes.com","Leroi","Male","Paulucci"
124,"384-893-1752","Peru","11-08-1994","abarnhill3f@dropbox.com","Audrie","Female","Barnhill"
125,"786-183-8601","China","29-06-2015","odomenget3g@hp.com","Oswald","Male","Domenget"
126,"961-815-3185","Peru","08-11-2016","hblackston3h@mayoclinic.com","Hagen","Male","Blackston"
127,"632-872-6702","Russia","28-08-2004","mducarne3i@trellian.com","Morris","Male","Ducarne"
128,"565-907-3379","China","24-01-2005","abuddle3j@indiatimes.com","Aarika","Female","Buddle"
129,"725-588-1540","South Africa","22-04-2000","cbramwell3k@nydailynews.com","Carolann","Female","Bramwell"
130,"704-208-3568","Russia","14-04-1997","mspencers3l@opensource.org","Marcela","Female","Spencers"
131,"807-600-6133","Indonesia","14-10-1991","dhonatsch3m@youku.com","Dulcine","Female","Honatsch"
134,"820-936-5324","Russia","21-10-2010","lburwood3p@sakura.ne.jp","Leanna","Female","Burwood"
135,"238-819-4748","Bolivia","10-05-1998","fgoady3q@chron.com","Frances","Female","Goady"
136,"156-235-4088","Canada","04-09-2017","cmccane3r@t-online.de","Chantal","Non-binary","McCane"
137,"307-119-8396","China","07-10-1993","lharness3s@webs.com","Lewie","Male","Harness"
139,"704-954-1777","Croatia","25-01-2007","ascad3u@hugedomains.com","Arluene","Female","Scad"
140,"130-590-6029","Canada","13-02-2018","gshovel3v@xrea.com","Gareth","Male","Shovel"
141,"615-587-7396","Russia","01-04-2006","hbremmell3w@ibm.com","Horacio","Male","Bremmell"
143,"590-495-7146","Poland","25-05-2004","nchevers3y@sina.com.cn","Nari","Female","Chevers"
145,"986-596-1507","China","04-04-2014","clantaff40@sphinn.com","Cybill","Female","Lantaff"
161,"671-845-6387","Thailand","21-08-2016","cwalework4g@fda.gov","Clerc","Genderfluid","Walework"
162,"834-751-3349","Sweden","04-06-2008","rtonbye4h@cdc.gov","Randi","Female","Tonbye"
163,"895-817-6813","Philippines","21-12-2017","lcrosscombe4i@jiathis.com","Louie","Male","Crosscombe"
166,"315-184-7781","China","06-09-1998","noakenfall4l@goo.ne.jp","Nicola","Male","Oakenfall"
168,"899-707-1382","France","12-08-2013","sslee4n@sbwire.com","Shandie","Female","Slee"
170,"541-932-3537","Brazil","06-02-2000","mkiledal4p@cnbc.com","Myrwyn","Male","Kiledal"
174,"123-414-1211","Indonesia","06-08-2000","jfer4t@army.mil","Jaquelyn","Agender","Fer"
182,"116-453-0569","China","17-07-1998","sishaki51@virginia.edu","Shawn","Male","Ishaki"
185,"459-883-4118","Russia","29-03-2005","tasple54@gmpg.org","Trudi","Female","Asple"
190,"402-919-0798","Peru","01-07-1991","salcock59@flavors.me","Sorcha","Female","Alcock"
201,"406-787-2333","Tunisia","07-01-2017","mledington5k@wordpress.com","Maribelle","Female","Ledington"
202,"541-383-8391","Greece","15-12-2020","talvaro5l@uiuc.edu","Tyrus","Male","Alvaro"
203,"697-515-5872","Argentina","09-06-2013","kgothliff5m@nih.gov","Kariotta","Female","Gothliff"
205,"539-886-9020","Poland","01-01-2014","ssilburn5o@ucla.edu","Steffane","Female","Silburn"
206,"187-678-2929","Ireland","12-07-1997","oklimowicz5p@eventbrite.com","Olga","Female","Klimowicz"
207,"480-172-3779","China","29-04-2014","eheater5q@lulu.com","Edward","Male","Heater"
208,"114-800-4183","Sweden","08-11-2008","fgarn5r@posterous.com","Felisha","Female","Garn"
209,"723-201-6587","Poland","11-12-2010","mdicky5s@shutterfly.com","Maryrose","Female","Dicky"
210,"209-966-8745","Bosnia and Herzegovina","12-08-2010","cwayon5t@berkeley.edu","Connie","Female","Wayon"
215,"115-804-2082","Mozambique","16-06-2004","imiall5y@auda.org.au","Ivor","Male","Miall"
221,"575-639-5637","Poland","01-10-2002","leltringham64@icq.com","Luciano","Male","Eltringham"
222,"463-937-3761","Mongolia","16-10-2008","gskpsey65@hao123.com","Gustavo","Male","Skpsey"
223,"309-941-9020","Sweden","30-08-1999","bsandaver66@clickbank.net","Beverlee","Female","Sandaver"
224,"970-749-2429","France","26-04-1995","jgisburn67@google.com.au","Jan","Male","Gisburn"
225,"191-587-7069","Iran","15-01-2000","klewisham68@bbb.org","Kettie","Female","Lewisham"
226,"605-797-4121","Pakistan","03-06-1992","ideller69@fotki.com","Ive","Male","Deller"
227,"481-772-3310","Vietnam","11-07-2012","shackwell6a@chron.com","Svend","Male","Hackwell"
228,"525-316-2022","Portugal","07-03-1991","rtoft6b@redcross.org","Rockwell","Male","Toft"
229,"947-872-4371","China","13-05-1997","klowson6c@nature.com","Klaus","Male","Lowson"
230,"781-113-5073","Poland","23-02-2000","ljosifovitz6d@skyrock.com","Lily","Non-binary","Josifovitz"
231,"761-921-5730","China","13-12-2007","bschneider6e@geocities.com","Bron","Male","Schneider"
233,"994-118-8357","China","10-01-1995","lagate6g@sun.com","Lucilia","Female","Agate"
234,"356-955-0302","China","05-11-2013","btibbs6h@weather.com","Berte","Female","Tibbs"
238,"293-823-6717","Mongolia","25-05-2020","overegan6l@howstuffworks.com","Osbert","Male","Veregan"
241,"778-255-2303","Yemen","12-04-2013","mpeers6o@hostgator.com","Michel","Male","Peers"
245,"931-240-8767","Indonesia","08-06-2005","omcilwraith6s@cyberchimps.com","Omar","Male","McIlwraith"
247,"183-666-6642","Philippines","11-02-2004","holahy6u@cbslocal.com","Hogan","Male","O'Lahy"
248,"232-204-6166","Colombia","22-06-2004","cbascombe6v@tinyurl.com","Con","Male","Bascombe"
249,"165-942-7705","Japan","04-06-1995","challowes6w@shareasale.com","Claudetta","Non-binary","Hallowes"
250,"268-483-4880","Philippines","14-12-2001","ggreser6x@reference.com","Gordon","Male","Greser"
261,"523-613-7176","Guatemala","11-03-1995","ckobierski78@omniture.com","Crysta","Female","Kobierski"
262,"973-757-6955","Canada","14-11-2020","pridett79@theguardian.com","Pietra","Female","Ridett"
263,"429-927-4857","Sweden","25-07-1998","rganter7a@chronoengine.com","Richy","Male","Ganter"
91,"347-491-3346","Croatia","02-04-1995","dfrisel2i@e-recht24.de","Deny","Female","Frisel"
92,"665-849-2954","France","01-06-2010","jchaff2j@youtu.be","Julee","Female","Chaff"
93,"627-958-7492","China","03-07-2010","geakly2k@squidoo.com","Georgie","Male","Eakly"
95,"884-495-8889","Portugal","02-10-2016","djarrold2m@barnesandnoble.com","Daffie","Female","Jarrold"
97,"769-903-0823","Indonesia","19-06-1994","kmanie2o@geocities.jp","Kimball","Male","Manie"
99,"982-222-7378","Indonesia","28-11-2018","ghaigh2q@vimeo.com","Greta","Female","Haigh"
103,"896-614-9723","Japan","16-01-2003","sslimings2u@oaic.gov.au","Sherwynd","Male","Slimings"
106,"417-162-8247","China","09-07-2007","kpittam2x@blogspot.com","Kilian","Male","Pittam"
114,"770-430-6333","Sweden","13-09-1990","dzielinski35@google.com.au","Daria","Female","Zielinski"
118,"494-769-5268","Malaysia","18-12-2019","bomoylane39@flickr.com","Bobbe","Female","O'Moylane"
132,"479-805-9539","Falkland Islands","07-12-2004","fomalley3n@craigslist.org","Fons","Male","O'Malley"
133,"940-105-0350","Brazil","24-11-2007","drasor3o@live.com","Dimitri","Male","Rasor"
138,"731-496-6333","Iran","12-03-2009","bboughey3t@soundcloud.com","Blinni","Female","Boughey"
142,"672-832-4301","Brazil","21-10-1998","gwestcot3x@soup.io","Georgina","Female","Westcot"
144,"782-472-6317","Argentina","19-03-1991","rhankin3z@cdbaby.com","Ralina","Female","Hankin"
146,"930-398-2038","China","27-04-1991","mwarrillow41@arstechnica.com","Mac","Male","Warrillow"
147,"667-257-7323","Indonesia","14-09-2020","mmacellen42@newyorker.com","Mitch","Agender","MacEllen"
148,"852-552-1539","Iran","17-10-2020","mavramov43@aol.com","Meir","Male","Avramov"
149,"330-945-2042","Slovenia","30-12-2002","mbomb44@webs.com","Merrile","Female","Bomb"
150,"443-765-6334","Brazil","11-05-2011","bwaker45@gov.uk","Bathsheba","Female","Waker"
164,"597-612-1921","China","19-01-2009","ashortell4j@toplist.cz","Arch","Male","Shortell"
167,"207-643-1381","Japan","16-10-2016","igresham4m@harvard.edu","Ira","Female","Gresham"
171,"477-838-8084","Portugal","29-07-2008","rhradsky4q@angelfire.com","Robinett","Female","Hradsky"
173,"390-851-9424","China","10-08-2015","dderrico4s@qq.com","Daveen","Female","D'Errico"
176,"295-664-8435","Philippines","13-07-1996","hmarcroft4v@disqus.com","Hilary","Female","Marcroft"
179,"443-712-9398","Albania","07-02-2020","rbissett4y@youtube.com","Rachele","Female","Bissett"
180,"444-175-1331","China","13-11-1992","mpridham4z@japanpost.jp","Moishe","Genderfluid","Pridham"
184,"778-613-8378","Zambia","22-12-2019","raartsen53@accuweather.com","Ranee","Female","Aartsen"
187,"851-773-7320","Indonesia","20-09-2009","mveevers56@homestead.com","Monroe","Male","Veevers"
189,"263-503-8911","Albania","10-07-1998","pstadden58@java.com","Patrice","Male","Stadden"
204,"534-493-3593","Russia","23-11-2013","dwilley5n@ocn.ne.jp","Dre","Female","Willey"
211,"500-934-4159","Indonesia","08-05-2006","ofynes5u@indiatimes.com","Olga","Female","Fynes"
212,"104-662-1015","Cameroon","16-08-2009","wrainford5v@harvard.edu","Waylin","Male","Rainford"
213,"216-886-7151","Germany","06-09-2020","aglanfield5w@zimbio.com","Aksel","Agender","Glanfield"
214,"896-204-6368","Uganda","01-04-2012","mrothschild5x@arstechnica.com","Maryanne","Female","Rothschild"
216,"753-511-5132","China","07-11-1994","vperrycost5z@flickr.com","Veronique","Female","Perrycost"
217,"669-660-3009","Nigeria","09-12-2002","ncapstake60@timesonline.co.uk","Nathanial","Male","Capstake"
218,"999-374-9848","Indonesia","10-09-2021","ohalley61@smugmug.com","Obadiah","Male","Halley"
219,"363-663-1366","Greece","21-04-2012","wgolling62@uiuc.edu","Wald","Male","Golling"
220,"792-725-9777","Moldova","17-01-1991","gshaddock63@myspace.com","Gannon","Non-binary","Shaddock"
232,"891-435-7131","China","20-06-1992","ctabor6f@engadget.com","Chen","Male","Tabor"
235,"989-874-0324","Russia","03-05-2001","lbackshaw6i@bigcartel.com","Luella","Female","Backshaw"
236,"780-650-4576","Thailand","22-10-2009","wlittleover6j@ihg.com","Wynn","Polygender","Littleover"
237,"561-573-2620","France","18-02-2003","etremmel6k@skype.com","Elianore","Female","Tremmel"
239,"562-927-4523","Philippines","15-02-1994","sfruchter6m@cbslocal.com","Sheena","Non-binary","Fruchter"
240,"495-553-6236","Vietnam","14-10-2021","bbutchard6n@reference.com","Byron","Male","Butchard"
242,"337-473-1727","China","09-04-2013","dlippi6p@devhub.com","Darb","Male","Lippi"
243,"702-727-4959","Russia","29-06-2020","jfleckness6q@artisteer.com","Joelly","Female","Fleckness"
244,"792-716-0941","Thailand","08-01-2001","akemster6r@pen.io","Alfi","Female","Kemster"
246,"154-393-6323","China","04-09-1998","mgreenhaugh6t@mozilla.com","Mannie","Male","Greenhaugh"
271,"308-345-5126","Honduras","13-02-2003","cfreyn7i@tripod.com","Chan","Male","Freyn"
272,"906-762-7422","China","31-03-1996","spiris7j@berkeley.edu","Sergei","Male","Piris"
273,"432-276-4674","Uzbekistan","08-01-2018","cbentjens7k@nhs.uk","Clayborn","Male","Bentjens"
274,"561-522-0447","Cuba","07-06-2009","sgyves7l@java.com","Sonni","Female","Gyves"
275,"104-745-2578","South Africa","23-10-2008","mkloska7m@wsj.com","Marybelle","Female","Kloska"
276,"559-670-0276","Mozambique","15-04-2017","rpetrillo7n@ucla.edu","Rand","Male","Petrillo"
278,"136-681-8355","China","18-04-2000","amcglew7p@businessweek.com","Abram","Male","McGlew"
281,"707-213-8127","Ivory Coast","17-09-1994","rtwidell7s@weibo.com","Ruggiero","Male","Twidell"
283,"865-411-1598","United States","31-10-2009","tguillard7u@acquirethisname.com","Torrence","Male","Guillard"
285,"916-339-4665","Laos","18-12-2013","eguillou7w@blinklist.com","Edgardo","Male","Guillou"
321,"370-479-7678","Hungary","20-01-2018","smcravey8w@hibu.com","Sibylla","Female","McRavey"
322,"624-198-1226","Philippines","02-10-2007","tgreneham8x@cyberchimps.com","Tandie","Female","Greneham"
323,"843-894-8195","Zambia","29-11-1991","epenhale8y@bing.com","Elmira","Female","Penhale"
324,"343-610-1147","Indonesia","16-07-1996","rnorssister8z@ucsd.edu","Ruthi","Female","Norssister"
325,"734-164-9135","Belgium","20-08-2019","fmcdiarmid90@fotki.com","Franklin","Male","McDiarmid"
326,"295-381-9446","Argentina","22-09-2006","cwaith91@hud.gov","Chiquia","Genderqueer","Waith"
327,"602-130-4416","Indonesia","09-10-1992","gcornford92@opera.com","Griffin","Polygender","Cornford"
328,"544-243-5960","Indonesia","02-05-2002","pdedham93@reverbnation.com","Pietrek","Male","Dedham"
329,"661-490-2085","China","01-01-1993","nphittiplace94@facebook.com","Ninon","Female","Phittiplace"
330,"456-275-1773","Austria","29-05-2017","kmeedendorpe95@multiply.com","Kiah","Female","Meedendorpe"
351,"235-514-6933","Armenia","20-12-2001","urocks9q@yale.edu","Ulla","Polygender","Rocks"
352,"325-868-4484","United States","27-02-1995","rrouchy9r@hhs.gov","Rafaello","Bigender","Rouchy"
96,"356-192-3030","Indonesia","03-05-2020","efrewer2n@blinklist.com","Elysia","Female","Frewer"
98,"970-528-2511","United States","14-11-1997","dperell2p@unc.edu","Durand","Male","Perell"
100,"271-318-8770","Portugal","17-12-2000","oworswick2r@cnet.com","Oberon","Male","Worswick"
101,"868-783-8805","Indonesia","03-12-2014","mridesdale2s@mit.edu","Martin","Male","Ridesdale"
102,"193-522-4872","Brazil","15-02-1998","cpitherick2t@weather.com","Curcio","Male","Pitherick"
104,"161-927-6373","China","02-04-2020","ssuarez2v@nytimes.com","Seumas","Bigender","Suarez"
108,"628-650-1193","Russia","01-05-2011","ahortop2z@ifeng.com","Aksel","Male","Hortop"
109,"140-407-7680","Poland","08-08-1995","balves30@devhub.com","Birk","Male","Alves"
119,"930-689-9684","Russia","30-01-2019","eraeside3a@vimeo.com","Erinna","Female","Raeside"
120,"312-971-7316","Azerbaijan","12-10-2003","asaiger3b@zimbio.com","Aili","Female","Saiger"
191,"617-126-3288","China","19-10-1994","tfoulis5a@newyorker.com","Templeton","Male","Foulis"
192,"457-266-9247","Mongolia","23-05-1999","fsellner5b@chicagotribune.com","Frans","Male","Sellner"
193,"360-945-3849","Spain","23-07-1997","mtulloch5c@twitpic.com","Marsha","Genderqueer","Tulloch"
194,"247-481-2853","Indonesia","11-05-2015","acadore5d@fda.gov","Annabela","Polygender","Cadore"
195,"368-673-5420","Vietnam","17-04-2003","tclampin5e@mapquest.com","Tyrus","Polygender","Clampin"
196,"161-755-7217","Poland","31-10-2018","rcrownshaw5f@live.com","Rheta","Female","Crownshaw"
197,"831-137-5214","China","19-09-2011","gnutkin5g@zdnet.com","Georgy","Male","Nutkin"
198,"131-454-3150","Tajikistan","17-12-1990","jattwoull5h@walmart.com","Jakob","Male","Attwoull"
199,"547-789-2293","Portugal","01-02-2003","lsackes5i@alexa.com","Lilla","Bigender","Sackes"
200,"357-848-5216","Philippines","13-06-1995","ctremmil5j@cbsnews.com","Charmine","Female","Tremmil"
298,"446-533-7492","Greece","29-01-2022","ssaddler89@reddit.com","Syd","Non-binary","Saddler"
299,"704-669-2945","Mongolia","09-06-2020","kreckhouse8a@thetimes.co.uk","Kinny","Male","Reckhouse"
300,"887-337-6732","China","03-09-2021","mwilmot8b@telegraph.co.uk","Marget","Female","Wilmot"
301,"602-555-8524","Russia","10-12-2003","fbarenskie8c@fastcompany.com","Francklin","Male","Barenskie"
302,"128-564-6279","Aland Islands","07-01-2017","gbansal8d@ehow.com","Grata","Female","Bansal"
303,"738-885-5371","Indonesia","29-04-1992","bheadington8e@theatlantic.com","Brooks","Male","Headington"
304,"427-351-0327","Brazil","13-11-2021","scornfoot8f@wp.com","Sascha","Female","Cornfoot"
305,"925-584-0848","Portugal","15-04-1990","lsibille8g@theatlantic.com","Leonora","Female","Sibille"
306,"116-532-9296","Sao Tome and Principe","21-04-2001","cpedder8h@youku.com","Carol-jean","Female","Pedder"
307,"318-309-4799","United States","21-03-2011","ohammonds8i@networkadvertising.org","Otes","Male","Hammonds"
365,"824-103-7095","Brazil","18-09-2016","akinzea4@virginia.edu","Anatol","Male","Kinze"
366,"329-528-5346","Thailand","19-08-2011","ibezantsa5@mapy.cz","Isidore","Male","Bezants"
368,"986-365-8030","Russia","02-04-2019","slelievrea7@phoca.cz","Salim","Male","Lelievre"
369,"526-514-5137","Norway","10-01-2007","cmalyona8@github.com","Culley","Male","Malyon"
370,"397-674-1596","Nigeria","18-03-2021","blicciardia9@arizona.edu","Baxie","Male","Licciardi"
371,"858-175-1002","France","06-04-2005","slongworthyaa@tamu.edu","Sig","Male","Longworthy"
372,"912-297-0025","Brazil","30-03-2011","acomfordab@reuters.com","Any","Male","Comford"
373,"985-384-8964","Ukraine","29-03-1996","dbenedekac@msn.com","Devonna","Female","Benedek"
374,"762-161-2420","Ukraine","23-10-1996","bwhortonad@ovh.net","Burton","Agender","Whorton"
375,"150-608-1353","Tanzania","18-06-2020","swilshinae@networksolutions.com","Sig","Male","Wilshin"
405,"244-100-8994","China","03-11-2005","lrubesb8@harvard.edu","Larissa","Genderfluid","Rubes"
408,"558-905-8163","Peru","02-02-2010","rmaccombebb@spiegel.de","Rod","Male","MacCombe"
413,"428-141-4223","Russia","07-02-1991","apharrobg@admin.ch","Antoinette","Female","Pharro"
414,"786-570-7127","Cameroon","28-02-1993","kvousdenbh@wikia.com","Karilynn","Female","Vousden"
415,"775-840-7859","United States","01-12-2016","tsisnettbi@hp.com","Thaxter","Male","Sisnett"
416,"525-753-6127","Armenia","24-06-1995","bfewbj@comsenz.com","Bibbie","Female","Few"
417,"497-681-3428","France","04-02-2016","hsaichbk@cocolog-nifty.com","Hilly","Non-binary","Saich"
418,"472-980-8295","Burkina Faso","26-10-2021","dmcilheranbl@netscape.com","Dulcia","Bigender","McIlheran"
419,"549-914-1929","China","26-06-2008","mastlesbm@nyu.edu","Maje","Male","Astles"
420,"223-216-5429","Sweden","17-09-2014","gcuttellbn@engadget.com","Goddard","Male","Cuttell"
472,"622-867-2558","Indonesia","04-01-2014","mshanklandd3@acquirethisname.com","Maure","Female","Shankland"
474,"878-533-5156","Serbia","15-06-2015","fmattinglyd5@dmoz.org","Faustine","Female","Mattingly"
476,"577-121-2868","Thailand","03-07-1990","aokeefed7@blogspot.com","Adrien","Male","O'Keefe"
478,"647-216-3862","China","05-09-1995","reouzand9@cocolog-nifty.com","Rozele","Female","Eouzan"
480,"592-389-3331","Brazil","26-09-2010","bbrancadb@bing.com","Barclay","Male","Branca"
481,"504-443-4110","Venezuela","01-03-2020","hmcevaydc@telegraph.co.uk","Horatio","Male","McEvay"
484,"787-403-6496","Russia","01-09-2016","ggatedf@vimeo.com","Grange","Male","Gate"
486,"413-792-2510","Madagascar","05-08-2014","mchesselldh@webmd.com","Merridie","Female","Chessell"
488,"433-638-5909","China","06-05-2007","cspierdj@ucsd.edu","Cassaundra","Female","Spier"
490,"464-418-8850","Luxembourg","29-05-2017","cechaliedl@com.com","Chic","Male","Echalie"
545,"526-233-8245","Serbia","25-06-2018","bdoigef4@devhub.com","Brantley","Male","Doige"
546,"989-252-4107","Malta","25-05-1990","tcheasmanf5@opera.com","Timmie","Female","Cheasman"
547,"368-395-6913","Poland","04-11-2016","ymandifieldf6@github.io","Yuri","Male","Mandifield"
549,"901-826-5444","United States","13-10-2004","mciccettif8@washington.edu","Maurie","Male","Ciccetti"
551,"584-916-4588","Latvia","05-05-2019","msimoninifa@seesaa.net","Marnia","Female","Simonini"
553,"741-213-7007","Indonesia","09-05-1990","ibywatersfc@over-blog.com","Isak","Male","Bywaters"
555,"746-269-8350","Kazakhstan","12-01-2004","thousegoefe@sogou.com","Therine","Female","Housegoe"
557,"292-644-0870","Reunion","25-12-2020","tuglowfg@jalbum.net","Thacher","Male","Uglow"
558,"745-153-7625","Indonesia","26-12-1991","sreinischfh@typepad.com","Skylar","Male","Reinisch"
560,"661-729-9215","China","07-07-2010","coaklandfj@narod.ru","Chase","Male","Oakland"
592,"267-107-9844","Ukraine","11-11-2021","mhunnaballgf@dion.ne.jp","Maggee","Agender","Hunnaball"
596,"683-934-6514","Colombia","31-05-2008","ugwingj@bravesites.com","Ulberto","Male","Gwin"
264,"200-923-6305","Sweden","23-01-2000","cbardnam7b@devhub.com","Caryl","Male","Bardnam"
265,"695-251-8854","China","12-01-2016","monn7c@baidu.com","Marget","Female","Onn"
266,"904-545-0936","Afghanistan","10-10-1994","kbulluck7d@photobucket.com","Kameko","Female","Bulluck"
267,"110-169-8585","Jordan","30-07-1993","kather7e@nature.com","Karyn","Female","Ather"
268,"220-891-2026","Japan","15-04-1996","hjessup7f@technorati.com","Hillie","Male","Jessup"
269,"885-301-8615","Brazil","11-05-2008","ktomsett7g@amazon.com","Kacy","Female","Tomsett"
270,"858-412-3456","Bhutan","06-07-2021","ahuie7h@list-manage.com","Ardra","Female","Huie"
277,"531-742-6506","Colombia","16-06-2008","iklesse7o@a8.net","Irma","Female","Klesse"
279,"270-642-1006","Philippines","28-02-2006","abromont7q@blogger.com","Aldric","Male","Bromont"
280,"250-326-7527","Portugal","15-07-1992","bcraighall7r@walmart.com","Betty","Female","Craighall"
284,"550-281-0512","China","31-08-1990","mbonder7v@wix.com","Mirabelle","Female","Bonder"
286,"273-946-2623","Brazil","03-12-2019","fconnerly7x@unicef.org","Flinn","Male","Connerly"
287,"482-102-6827","Burundi","30-03-2018","fsalmond7y@huffingtonpost.com","Faber","Male","Salmond"
288,"155-580-3491","China","07-06-2021","mfairburne7z@theguardian.com","Mercy","Female","Fairburne"
289,"383-582-0300","South Africa","22-10-1997","aruthven80@google.es","Ana","Female","Ruthven"
290,"515-444-1747","Thailand","30-11-1999","mheustice81@hatena.ne.jp","Maitilde","Female","Heustice"
292,"947-960-1537","China","28-11-2004","tseagar83@hao123.com","Torry","Male","Seagar"
310,"490-760-0450","Russia","02-03-2012","rsaunder8l@usa.gov","Rea","Female","Saunder"
311,"919-188-2511","China","28-11-2018","creuter8m@thetimes.co.uk","Courtnay","Male","Reuter"
313,"805-550-6595","Russia","28-06-1998","fpettiward8o@senate.gov","Fredia","Female","Pettiward"
314,"637-887-9454","Russia","26-02-1995","gschelle8p@stumbleupon.com","Ginger","Male","Schelle"
315,"852-913-0273","Brazil","29-07-1996","bbebbell8q@squarespace.com","Briana","Female","Bebbell"
316,"888-563-3997","Indonesia","15-04-2009","eleonarde8r@globo.com","Emily","Female","Leonarde"
317,"906-529-9811","Colombia","25-11-1995","hlittrell8s@yandex.ru","Hephzibah","Female","Littrell"
318,"483-324-3344","Indonesia","18-07-2008","stansley8t@1und1.de","Shirlee","Female","Tansley"
319,"301-322-2753","Kazakhstan","16-11-2014","kbockmann8u@bravesites.com","Krissy","Female","Bockmann"
320,"317-819-2297","Indonesia","02-02-2019","rtrattles8v@biglobe.ne.jp","Ree","Female","Trattles"
331,"801-713-2994","Ukraine","14-03-1994","chryncewicz96@mit.edu","Caryl","Female","Hryncewicz"
332,"544-606-2666","China","30-01-2001","amalthus97@samsung.com","Alena","Female","Malthus"
338,"180-854-7508","China","01-10-2013","medlyne9d@eepurl.com","Mozes","Male","Edlyne"
340,"844-971-8890","Brazil","31-07-2001","wbateman9f@tripadvisor.com","Wrennie","Female","Bateman"
342,"285-753-6523","China","13-08-2015","wgrosvener9h@exblog.jp","Waverly","Male","Grosvener"
344,"417-665-7238","Nepal","27-04-1998","wnials9j@seesaa.net","Web","Male","Nials"
345,"181-262-5719","Sweden","09-02-1996","kellerby9k@salon.com","Karol","Genderqueer","Ellerby"
347,"797-327-1242","Venezuela","10-11-1991","jaspel9m@imageshack.us","Joann","Female","Aspel"
348,"821-958-8665","Argentina","28-02-2006","agaither9n@seesaa.net","Alisa","Female","Gaither"
350,"747-867-5659","Indonesia","12-11-2009","maiston9p@sbwire.com","Murdock","Male","Aiston"
382,"823-182-6498","China","30-11-1997","gbiscoal@ucoz.com","Genvieve","Female","Bisco"
383,"450-512-5682","Philippines","20-10-2002","jmeaneyam@themeforest.net","Jany","Bigender","Meaney"
393,"710-170-8786","Malaysia","07-05-2005","gbaldryaw@ucsd.edu","Giorgia","Female","Baldry"
394,"428-887-7459","Colombia","09-09-2007","cmattacksax@google.ca","Connie","Female","Mattacks"
395,"452-827-9504","China","27-11-1998","qdavidoviczay@businesswire.com","Quill","Male","Davidovicz"
396,"386-498-4742","Poland","30-01-1996","vgalbraethaz@ustream.tv","Vi","Female","Galbraeth"
397,"641-360-4646","Argentina","12-05-2016","cbarwickb0@issuu.com","Clementia","Genderqueer","Barwick"
398,"266-789-0641","Indonesia","10-09-1994","agartellb1@boston.com","Adore","Female","Gartell"
399,"703-297-8367","China","30-01-1995","mcullerneb2@photobucket.com","Milicent","Female","Cullerne"
400,"783-807-4287","Pakistan","16-11-2006","pcousinb3@miitbeian.gov.cn","Pippa","Genderqueer","Cousin"
421,"138-458-6249","Indonesia","07-01-1998","jvondruskabo@furl.net","Jackelyn","Genderfluid","Vondruska"
422,"209-548-8501","China","05-07-2004","raishbp@dmoz.org","Roxana","Female","Aish"
423,"499-665-5526","China","08-04-2000","rairetonbq@blog.com","Rubetta","Female","Aireton"
424,"412-133-3064","Brazil","01-05-2004","eaymericbr@sourceforge.net","Eugenio","Male","Aymeric"
425,"544-783-5127","Poland","16-10-2006","dyushinbs@youku.com","Doralynn","Female","Yushin"
426,"674-295-1248","Peru","19-05-1998","ocaesmanbt@ftc.gov","Ole","Male","Caesman"
427,"182-942-4676","Indonesia","17-12-1998","rvawtonbu@bandcamp.com","Rina","Female","Vawton"
428,"940-283-9063","Ukraine","03-01-2006","easkiebv@chron.com","Eleanor","Female","Askie"
429,"514-150-6499","China","06-03-2005","pjellettbw@smh.com.au","Parsifal","Agender","Jellett"
430,"579-880-4831","China","24-01-1999","mjosifovicbx@illinois.edu","Marjory","Female","Josifovic"
441,"985-752-6706","Indonesia","22-02-1998","ebroughc8@creativecommons.org","Eberhard","Male","Brough"
442,"115-648-0123","Tanzania","16-07-2007","jhanscombc9@bloglines.com","Jakob","Male","Hanscomb"
443,"586-702-3870","France","02-05-1994","cromaninca@oracle.com","Charlotta","Female","Romanin"
444,"847-498-3098","China","14-01-2003","jsoltancb@reuters.com","Jourdain","Male","Soltan"
445,"891-882-0223","Sweden","03-01-1998","jadriencc@seattletimes.com","Job","Male","Adrien"
446,"613-766-9887","Marshall Islands","04-10-2014","pallensoncd@unicef.org","Peder","Male","Allenson"
447,"291-326-1469","Russia","30-10-2001","ohousegoce@salon.com","Orella","Female","Housego"
448,"932-691-8780","Poland","03-10-2003","emckeemancf@merriam-webster.com","Ethan","Male","McKeeman"
449,"697-722-1275","Czech Republic","08-03-1991","dmancellcg@accuweather.com","Domeniga","Female","Mancell"
450,"147-994-2763","Iceland","14-12-2009","pbrudenellch@reddit.com","Padgett","Male","Brudenell"
455,"634-443-7245","Lithuania","06-10-1999","dcampocm@netscape.com","Donall","Male","Campo"
456,"206-823-4377","Italy","15-03-2016","smallinsoncn@netscape.com","Sophronia","Female","Mallinson"
458,"483-195-0292","Russia","28-12-2013","sbramleycp@mozilla.org","Shirline","Female","Bramley"
460,"746-727-5629","Philippines","17-08-1998","rplevencr@tripod.com","Ruthanne","Female","Pleven"
461,"267-347-9941","China","06-05-1997","glinneycs@pinterest.com","Gilbertine","Female","Linney"
353,"819-558-3263","Afghanistan","13-10-2000","tcorley9s@europa.eu","Tonye","Genderqueer","Corley"
354,"778-397-3520","Czech Republic","24-05-2005","ccaw9t@google.com","Cathlene","Female","Caw"
355,"310-607-4261","Philippines","21-09-2019","cenzley9u@shareasale.com","Corrie","Male","enzley"
356,"579-792-7004","South Sudan","19-07-2015","nlugton9v@163.com","Napoleon","Genderfluid","Lugton"
357,"936-117-6982","Ukraine","07-02-2008","ereisk9w@dot.gov","Essy","Female","Reisk"
358,"476-902-3534","Philippines","07-10-2011","rflood9x@ocn.ne.jp","Rey","Male","Flood"
359,"158-513-7040","China","30-03-2005","dsedgwick9y@hao123.com","Demetria","Female","Sedgwick"
360,"338-180-5071","South Korea","11-02-2010","rsalvage9z@uiuc.edu","Rheta","Female","Salvage"
381,"682-931-6687","France","01-09-1992","wrakesak@blinklist.com","Wilbert","Male","Rakes"
384,"247-122-2857","Indonesia","04-02-1997","mfernihoughan@multiply.com","Mair","Female","Fernihough"
385,"531-851-8112","Albania","04-07-2000","tbonehillao@hp.com","Tove","Female","Bonehill"
386,"668-661-0697","Senegal","07-11-2016","hsturneyap@house.gov","Hyacinthia","Female","Sturney"
387,"146-101-4882","Ireland","28-09-2012","rsladaq@chicagotribune.com","Rowland","Male","Slad"
388,"961-818-1431","Russia","29-08-1994","apersentar@hibu.com","Alonzo","Male","Persent"
389,"406-962-4087","United States","18-10-2009","lgodridgeas@hc360.com","Linc","Male","Godridge"
390,"773-564-1703","Thailand","23-04-2015","rcammockeat@imgur.com","Rabbi","Male","Cammocke"
391,"782-942-2179","China","22-05-2019","scornessau@w3.org","Selene","Female","Corness"
392,"722-798-5478","Kazakhstan","28-03-2008","phedanav@dailymotion.com","Payton","Agender","Hedan"
401,"436-231-5658","Tanzania","08-04-1991","mpauerb4@plala.or.jp","Marin","Female","Pauer"
402,"868-386-0089","Portugal","24-02-2012","gdownseb5@patch.com","Gabi","Male","Downse"
403,"908-655-4059","Philippines","25-04-1998","cfreerb6@ed.gov","Chad","Male","Freer"
404,"267-244-8745","Indonesia","25-11-1998","ksmalecombeb7@so-net.ne.jp","Kelsi","Female","Smalecombe"
406,"115-977-0042","Philippines","18-06-2008","ooagb9@seesaa.net","Octavia","Female","Oag"
407,"157-983-6431","Indonesia","06-09-2012","ehawtreyba@java.com","Efrem","Male","Hawtrey"
409,"521-870-5496","Tajikistan","09-02-1998","nsnalumbc@msu.edu","Neilla","Female","Snalum"
410,"982-226-8716","Brazil","19-07-1994","jstanistreetbd@tripadvisor.com","Justis","Male","Stanistreet"
411,"739-129-5719","Indonesia","11-06-2002","kallibonbe@un.org","Krishnah","Male","Allibon"
412,"377-802-7642","Brazil","17-01-2014","nruspinebf@miibeian.gov.cn","Nata","Female","Ruspine"
431,"307-759-3629","Canada","25-09-1993","ahoodlessby@spiegel.de","Abigael","Female","Hoodless"
432,"277-848-2881","Japan","18-04-2004","jliddlebz@adobe.com","Jourdan","Female","Liddle"
433,"953-224-8072","China","10-05-1997","crandalsonc0@bandcamp.com","Cordy","Male","Randalson"
434,"776-903-3217","Argentina","26-11-2017","pcelloc1@oaic.gov.au","Percival","Male","Cello"
435,"107-486-8131","Thailand","03-07-2010","cstansbiec2@nih.gov","Clarissa","Female","Stansbie"
436,"665-481-3922","France","28-03-1991","wgregolettic3@webs.com","Wallis","Male","Gregoletti"
437,"396-311-9634","Brazil","07-11-2000","wlicencec4@ask.com","Winfield","Male","Licence"
438,"827-836-6391","China","02-02-2010","ldewintonc5@issuu.com","Lou","Female","De Winton"
439,"197-923-7297","Philippines","24-02-2014","nrodwayc6@statcounter.com","Natale","Male","Rodway"
440,"977-679-4675","China","27-12-2020","kwoodrowc7@ox.ac.uk","Kristina","Female","Woodrow"
451,"591-626-5988","Dominican Republic","29-10-2015","dbickardikeci@wikimedia.org","Dedra","Female","Bickardike"
452,"913-664-5808","United States","20-01-2010","fdenacampcj@hibu.com","Florinda","Female","Denacamp"
453,"859-712-0612","Brazil","26-09-2016","mousbieck@reverbnation.com","Mal","Male","Ousbie"
454,"936-532-3141","Zimbabwe","12-02-2013","jtroughtoncl@yandex.ru","Julina","Female","Troughton"
457,"280-200-9092","China","20-05-2021","dcraddockco@npr.org","Dion","Male","Craddock"
459,"363-729-8528","China","24-12-2007","nlockhartcq@usgs.gov","Nicol","Female","Lockhart"
467,"375-609-7386","Nepal","29-04-2012","mstitcy@cargocollective.com","Monroe","Male","Stit"
468,"171-514-0140","Indonesia","09-07-1990","kfigurskicz@google.fr","Kimbra","Female","Figurski"
469,"498-983-9653","Israel","04-05-1999","nannesd0@sciencedaily.com","Niven","Male","Annes"
470,"429-862-7332","Indonesia","19-03-2005","agissingd1@xrea.com","Alfy","Female","Gissing"
531,"998-370-4834","Finland","31-03-2020","sschubusereq@hibu.com","Salvidor","Male","Schubuser"
532,"835-513-9931","France","31-12-2000","acurmier@eventbrite.com","Aili","Female","Curmi"
533,"513-929-5651","United States","05-12-2007","mcollises@pbs.org","Mohandas","Male","Collis"
534,"959-943-6642","Kyrgyzstan","18-12-2010","dateggartet@umn.edu","Dallas","Female","Ateggart"
535,"732-147-6235","North Korea","19-04-2001","cmuscotteu@cornell.edu","Conrad","Male","Muscott"
536,"257-815-7988","Argentina","03-08-2004","awoodworthev@hhs.gov","Amitie","Female","Woodworth"
537,"684-537-8714","Luxembourg","16-05-2018","pguillotonew@prlog.org","Pandora","Genderfluid","Guilloton"
538,"747-657-6210","China","05-01-2005","hpratiex@utexas.edu","Hardy","Male","Prati"
539,"124-201-1939","China","29-07-2015","kkoppesey@miitbeian.gov.cn","Kirk","Male","Koppes"
540,"545-619-5951","China","05-09-1994","gvankovez@si.edu","Ginny","Female","Vankov"
571,"828-870-3353","China","23-06-2013","ngeardfu@nationalgeographic.com","Norton","Male","Geard"
572,"848-602-0871","Slovakia","09-10-1994","kboonfv@theglobeandmail.com","Keene","Male","Boon"
573,"805-204-7227","France","01-12-2013","zgeggiefw@cpanel.net","Zsazsa","Female","Geggie"
574,"339-247-4417","Cameroon","19-08-2019","bmatzkefx@csmonitor.com","Brooke","Female","Matzke"
575,"225-484-7291","Russia","13-09-2013","jroystefy@ihg.com","Julie","Female","Royste"
576,"745-259-4715","France","16-09-2016","cnokefz@ebay.co.uk","Corbie","Bigender","Noke"
577,"816-740-3311","China","14-07-1995","nrylandg0@opensource.org","Nonah","Female","Ryland"
579,"419-742-9981","Russia","24-11-2019","bdibeng2@economist.com","Brynna","Female","Diben"
581,"898-742-7439","Russia","03-12-2000","rpascallg4@storify.com","Ray","Male","Pascall"
583,"755-292-4752","Serbia","15-05-2002","rspadarog6@pen.io","Rosana","Female","Spadaro"
621,"314-111-9106","Turkmenistan","16-07-2020","ylodevickh8@spiegel.de","Yuri","Male","Lodevick"
622,"817-892-6982","China","28-03-2001","imandresh9@jalbum.net","Inez","Female","Mandres"
623,"974-997-1346","Portugal","08-12-2010","pstreeterha@cisco.com","Prentice","Male","Streeter"
624,"923-879-1522","France","31-12-2018","tdaniellihb@stanford.edu","Truman","Male","Danielli"
376,"911-355-6577","Slovenia","16-07-2005","rdawkinsaf@amazon.co.uk","Rhoda","Female","Dawkins"
377,"912-844-1133","China","07-09-1995","afisherag@hhs.gov","Alene","Female","Fisher"
378,"501-541-8158","Finland","24-04-1997","emissenah@nhs.uk","Elie","Female","Missen"
379,"496-126-4866","Poland","24-12-1993","ewidocksai@ft.com","Emmi","Female","Widocks"
380,"651-939-3093","Colombia","25-11-2011","jjessettaj@amazon.co.uk","Jana","Female","Jessett"
471,"939-712-7725","Philippines","20-01-1996","lmeliad2@nhs.uk","Llywellyn","Male","Melia"
473,"625-545-2291","Indonesia","07-08-2014","rsainthilld4@zdnet.com","Rikki","Female","Sainthill"
475,"487-253-2828","Iceland","17-06-1992","dhullotd6@photobucket.com","Daisie","Female","Hullot"
477,"262-207-6924","Indonesia","27-04-2001","jmacnockaterd8@tiny.cc","Janna","Female","MacNockater"
479,"573-427-7082","Indonesia","04-01-2001","jtrowelda@ucoz.com","Jodi","Female","Trowel"
482,"550-761-3765","Brazil","19-05-2017","rogormallydd@google.com.br","Rosanna","Female","O'Gormally"
483,"450-532-9334","Portugal","25-05-2014","wpreede@economist.com","Wenonah","Female","Pree"
485,"737-461-2480","Canada","01-12-2017","pragotdg@unesco.org","Pace","Agender","Ragot"
487,"248-789-9370","Indonesia","10-12-2013","cespinhodi@phoca.cz","Conchita","Female","Espinho"
489,"521-845-9630","Malaysia","02-02-1993","dwinndk@youtu.be","Dareen","Female","Winn"
541,"522-436-6687","Indonesia","08-03-2001","rrubinshteinf0@de.vu","Roland","Male","Rubinshtein"
542,"542-359-9264","Indonesia","29-12-2014","tsirrellf1@unblog.fr","Tabbatha","Female","Sirrell"
543,"308-916-7351","Brazil","21-05-2021","rortonf2@smugmug.com","Rory","Male","Orton"
544,"480-823-9694","Peru","15-01-1991","vkenningtonf3@ycombinator.com","Veda","Female","Kennington"
548,"550-274-7810","Greece","02-06-2019","beastmondf7@amazon.co.uk","Bailie","Agender","Eastmond"
550,"257-163-0999","Spain","18-12-2003","fbarkerf9@ask.com","Felipa","Female","Barker"
552,"171-486-6649","Slovenia","16-10-2020","qlawrencesonfb@networkadvertising.org","Quinton","Male","Lawrenceson"
554,"100-394-3207","China","16-02-1992","htattershallfd@naver.com","Happy","Female","Tattershall"
556,"259-970-7267","Russia","16-07-1991","csmallsmanff@tumblr.com","Carlin","Male","Smallsman"
559,"735-791-4646","China","26-01-2015","cguilbertfi@naver.com","Chandal","Female","Guilbert"
578,"441-142-2506","Indonesia","22-04-2013","tsaffing1@smh.com.au","Tasha","Female","Saffin"
580,"313-798-0186","Philippines","31-08-2004","ecomollig3@ft.com","Ernaline","Female","Comolli"
582,"447-992-6121","Armenia","20-10-2001","slebarrg5@microsoft.com","Shandy","Female","Le Barr"
584,"323-181-6864","China","18-08-2005","dshawellg7@fc2.com","Dennis","Male","Shawell"
585,"771-446-5623","Indonesia","07-03-2020","drosenthalg8@hc360.com","Devondra","Female","Rosenthal"
586,"108-564-1117","China","06-03-2005","mbleackleyg9@bing.com","Montague","Male","Bleackley"
587,"382-977-5006","Indonesia","03-03-2007","skliemchenga@adobe.com","Seth","Male","Kliemchen"
588,"564-446-5120","Greece","30-07-2018","aeimgb@tripod.com","Aubry","Female","Eim"
589,"465-602-0259","China","29-07-2012","lplattgc@alexa.com","Leupold","Male","Platt"
590,"601-286-0094","Portugal","11-09-2019","lstreetsgd@ovh.net","Lombard","Male","Streets"
631,"760-910-9131","China","05-12-2013","mdunlophi@toplist.cz","Margaretha","Female","Dunlop"
632,"978-161-7132","China","10-03-1991","cwincehj@jiathis.com","Corby","Male","Wince"
633,"708-988-1811","Indonesia","10-12-1994","enewdickhk@dmoz.org","Elia","Male","Newdick"
634,"948-360-2731","Philippines","10-11-2008","wmcfaddenhl@mysql.com","Waite","Male","McFadden"
635,"656-810-2925","China","08-12-2012","sorumhm@hibu.com","Salvador","Male","Orum"
636,"510-841-2632","Ukraine","15-04-2009","ilewsleyhn@furl.net","Ira","Female","Lewsley"
637,"401-560-3625","Indonesia","04-12-2019","ariveho@noaa.gov","Aleda","Female","Rive"
638,"400-278-4353","Indonesia","24-03-2014","cmolesworthhp@storify.com","Chrissy","Male","Molesworth"
639,"864-704-9054","Portugal","14-02-2001","teckeryhq@vistaprint.com","Tasia","Female","Eckery"
640,"511-889-3525","China","18-04-2006","wjouanetonhr@webeden.co.uk","Windy","Female","Jouaneton"
671,"770-220-7867","Bhutan","23-07-1992","mcogleyim@ucoz.ru","Myrlene","Female","Cogley"
672,"441-485-1908","Ukraine","20-10-2001","cgeroldiniin@hibu.com","Carlyn","Female","Geroldini"
673,"646-545-7456","Costa Rica","02-10-2009","acheatleio@printfriendly.com","Amargo","Female","Cheatle"
674,"177-862-5218","Sweden","09-12-2021","chawneyip@bbb.org","Chandra","Female","Hawney"
675,"447-679-2676","Russia","29-03-2017","jmannockiq@mit.edu","Jens","Male","Mannock"
676,"851-844-1062","Brazil","24-11-1990","estanelandir@bloglovin.com","Ennis","Male","Staneland"
677,"380-676-2462","Brazil","16-03-2014","sastleyis@jiathis.com","Shani","Female","Astley"
678,"858-288-5331","Bosnia and Herzegovina","01-05-1991","tpinfoldit@wisc.edu","Trish","Female","Pinfold"
679,"953-788-4756","Ireland","09-06-2007","sstrangwoodiu@naver.com","Susannah","Female","Strangwood"
680,"278-928-7869","Sweden","31-07-1999","jmckeneyiv@bbb.org","Justino","Male","McKeney"
741,"435-386-6434","Philippines","20-07-1990","cgunnellkk@sciencedaily.com","Cheslie","Agender","Gunnell"
752,"163-794-7809","China","25-06-1991","gmontelkv@msu.edu","Gordie","Male","Montel"
753,"312-483-6291","Tunisia","29-12-2012","dpercykw@bluehost.com","Dory","Female","Percy"
754,"770-293-6321","Portugal","15-02-2015","ksantrykx@dell.com","Kore","Female","Santry"
755,"887-356-9124","China","24-11-2021","afortinky@icio.us","Aldus","Male","Fortin"
756,"160-961-4468","China","11-11-2008","bgarrouldkz@globo.com","Bowie","Male","Garrould"
757,"493-202-2840","Portugal","29-01-2007","gshayesl0@acquirethisname.com","Gunner","Male","Shayes"
758,"460-655-4417","Uzbekistan","08-07-1999","jdezamudiol1@chron.com","Juliet","Genderqueer","De Zamudio"
759,"723-696-5947","Panama","01-07-2016","ephilpottsl2@comsenz.com","Elsi","Female","Philpotts"
760,"663-457-5695","Brazil","06-07-2000","hzaplel3@utexas.edu","Homerus","Male","Zaple"
767,"136-462-7725","France","02-02-2020","abowela@ning.com","Anders","Male","Bowe"
770,"216-209-6437","Ukraine","26-03-2000","pfrostdickeld@ucoz.com","Phyllida","Female","Frostdicke"
772,"968-810-0070","Indonesia","04-03-1996","nfaynelf@time.com","Ninette","Female","Fayne"
779,"570-232-1012","United States","25-06-2004","fhuttleylm@artisteer.com","Francklyn","Male","Huttley"
780,"487-962-2565","Macedonia","19-04-2013","asimonnotln@digg.com","Alecia","Female","Simonnot"
781,"353-929-6404","Croatia","28-10-2017","mcalderalo@51.la","Michaeline","Female","Caldera"
782,"829-364-9470","China","13-11-2015","schaffynlp@ucoz.com","Sapphire","Female","Chaffyn"
783,"652-226-9930","Portugal","08-01-2014","zbettesworthlq@digg.com","Zach","Non-binary","Bettesworth"
462,"792-830-4589","Thailand","01-06-2007","cvarleyct@independent.co.uk","Codi","Male","Varley"
463,"314-185-7063","Czech Republic","14-11-1998","ebavagecu@pbs.org","Elinore","Female","Bavage"
464,"474-403-1185","Ukraine","29-07-2014","cnaismithcv@jalbum.net","Clo","Female","Naismith"
465,"690-838-2168","Poland","21-12-2007","ggatecliffcw@blogspot.com","Gherardo","Male","Gatecliff"
466,"723-338-1914","Indonesia","07-03-2022","dadamowitzcx@amazon.com","Dermot","Male","Adamowitz"
491,"742-409-3799","Indonesia","09-02-2002","ptalksdm@google.ca","Pamelina","Female","Talks"
492,"581-102-8326","Cyprus","17-06-2005","vbremendn@intel.com","Vladimir","Male","Bremen"
493,"684-271-1436","Colombia","21-03-2019","mkeemerdo@squidoo.com","Moore","Male","Keemer"
494,"817-165-4973","China","22-12-2000","ihaugerdp@adobe.com","Isabelita","Female","Hauger"
495,"912-714-3598","China","26-06-2004","emctrustiedq@weather.com","Ellis","Male","McTrustie"
496,"995-475-9250","Colombia","12-07-2003","cscawtondr@yellowpages.com","Chrissie","Male","Scawton"
497,"764-506-7280","Madagascar","02-01-1996","bneeshamds@timesonline.co.uk","Beverley","Female","Neesham"
498,"744-429-0065","Indonesia","27-03-2013","vbuxseydt@oakley.com","Verge","Male","Buxsey"
499,"217-758-1301","Burkina Faso","03-05-2008","ebartalindu@nature.com","Edd","Male","Bartalin"
500,"952-718-3758","Uganda","02-05-2014","awitheydv@amazon.co.jp","Alessandra","Female","Withey"
501,"970-304-3791","Armenia","14-07-2015","trusedw@toplist.cz","Tally","Male","Ruse"
502,"267-254-8772","New Zealand","16-10-2019","efliegedx@unicef.org","Esme","Female","Fliege"
503,"814-552-1543","Brazil","17-08-2019","vtassakerdy@admin.ch","Vallie","Female","Tassaker"
504,"627-405-5538","China","21-12-2000","ahedgerdz@engadget.com","Anett","Female","Hedger"
505,"568-513-7192","Costa Rica","25-10-1999","hcasinee0@aboutads.info","Hestia","Female","Casine"
506,"581-212-8874","China","16-11-2005","gdungeee1@si.edu","Gabie","Female","Dungee"
507,"527-796-2748","China","06-06-2001","brawdalle2@auda.org.au","Brandon","Male","Rawdall"
508,"573-613-4047","United States","22-12-2013","lolliare3@disqus.com","Lisle","Male","Olliar"
509,"370-498-4530","Russia","31-07-2007","hreene4@japanpost.jp","Hiram","Male","Reen"
510,"434-668-3764","Serbia","12-02-2000","bchazerande5@indiegogo.com","Brnaba","Male","Chazerand"
511,"142-582-4011","France","18-07-2014","dgrase6@jugem.jp","Diarmid","Male","Gras"
512,"338-410-1750","Indonesia","02-06-2015","maneleye7@nhs.uk","Marylou","Female","Aneley"
513,"258-965-5323","Serbia","18-04-2002","bachrameeve8@boston.com","Beverlie","Female","Achrameev"
514,"779-550-6462","Philippines","26-11-1995","hdanielssone9@ustream.tv","Hansiain","Male","Danielsson"
515,"403-601-7090","Brazil","27-02-2017","eorrinea@wikispaces.com","Emerson","Male","Orrin"
516,"406-584-4030","Vietnam","21-08-1990","adanilovitcheb@nbcnews.com","Aura","Female","Danilovitch"
517,"106-958-5236","China","23-07-2012","uhudlestonec@oaic.gov.au","Umeko","Female","Hudleston"
518,"761-951-4799","Russia","20-01-2020","mchippendaleed@illinois.edu","Maggi","Female","Chippendale"
519,"455-327-4853","Indonesia","14-12-1996","brubenfeldee@163.com","Butch","Male","Rubenfeld"
520,"985-312-8615","Canada","18-10-1994","tdesboroughef@skype.com","Tobey","Polygender","Desborough"
521,"669-543-0301","Philippines","08-04-2002","ssvaninieg@mapy.cz","Shaine","Male","Svanini"
522,"558-639-1294","Russia","13-05-2016","scescoteh@t.co","Samuel","Male","Cescot"
523,"658-718-1277","Bosnia and Herzegovina","29-07-1998","jwildishei@purevolume.com","Jethro","Male","Wildish"
524,"871-260-2344","Czech Republic","17-10-2017","bellermanej@ameblo.jp","Brianne","Female","Ellerman"
525,"552-785-4318","China","26-10-1997","rdavidoffek@psu.edu","Ragnar","Male","Davidoff"
526,"346-188-5436","Russia","12-08-1999","jfrackiewiczel@toplist.cz","Judd","Male","Frackiewicz"
527,"492-231-1545","Nigeria","01-11-1995","mstuckleyem@networkadvertising.org","Monte","Male","Stuckley"
528,"153-450-6629","Vietnam","10-04-2007","sroskrugen@nhs.uk","Sean","Female","Roskrug"
529,"923-562-5825","Russia","17-07-2012","jloynseo@people.com.cn","Jacki","Female","Loyns"
530,"946-328-6164","Indonesia","12-04-2003","vbauep@si.edu","Van","Male","Bau"
561,"692-308-3269","Japan","28-08-1995","dcardonfk@ed.gov","Dagny","Male","Cardon"
562,"282-505-8235","Indonesia","14-10-1990","glabbezfl@list-manage.com","Gweneth","Female","Labbez"
563,"626-301-8549","Russia","10-12-2009","kkenefordefm@yahoo.co.jp","Khalil","Male","Keneforde"
564,"637-975-1164","Mexico","04-07-2009","hcellafn@google.pl","Hillier","Male","Cella"
565,"829-182-0874","China","27-05-2021","rmckeowonfo@jigsy.com","Rubetta","Female","McKeowon"
566,"457-247-8387","China","05-11-2013","ofranssenifp@ning.com","Olivette","Female","Fransseni"
567,"306-272-9466","France","18-08-1992","msacasefq@buzzfeed.com","Maitilde","Female","Sacase"
568,"649-553-5476","Bulgaria","29-08-1994","adarcyfr@nba.com","Alexia","Female","Darcy"
569,"509-344-6314","China","14-01-2000","aaldridgefs@nih.gov","Alleen","Female","Aldridge"
570,"233-711-4341","Japan","26-09-2000","arandlesft@about.com","Aeriela","Female","Randles"
591,"576-283-0943","France","03-03-1996","kboulderge@theatlantic.com","Kati","Female","Boulder"
593,"459-686-0039","Colombia","30-11-1997","jtrowellgg@a8.net","Jonis","Female","Trowell"
594,"405-407-8744","France","04-12-2002","jvintgh@spiegel.de","Jehanna","Female","Vint"
595,"156-917-5206","Mauritius","11-01-2007","kkrookgi@miibeian.gov.cn","Kaycee","Female","Krook"
602,"962-846-5628","Indonesia","08-09-2021","mmorgangp@state.tx.us","Meier","Male","Morgan"
603,"443-839-2523","Indonesia","26-04-1996","crobackgq@clickbank.net","Cherise","Female","Roback"
606,"950-429-6684","Peru","24-07-1997","whandrekgt@usatoday.com","Wittie","Genderqueer","Handrek"
607,"525-541-3867","China","18-04-2013","jwhathamgu@reuters.com","Justin","Male","Whatham"
609,"989-138-9745","China","10-11-2006","tfrondtgw@hexun.com","Tiffany","Female","Frondt"
610,"131-678-7379","Colombia","11-05-2006","franklingx@dailymail.co.uk","Foster","Male","Ranklin"
611,"925-263-5740","Lebanon","14-04-1997","lkebbellgy@blogtalkradio.com","Lombard","Male","Kebbell"
612,"376-282-8072","Indonesia","16-09-2019","dsaigergz@meetup.com","Damaris","Genderfluid","Saiger"
613,"962-709-8888","Poland","11-04-2014","rbilberyh0@nymag.com","Rufe","Male","Bilbery"
614,"537-904-9112","Portugal","28-06-2018","calanh1@opensource.org","Cosme","Male","Alan"
615,"264-606-1400","Poland","26-05-2003","abuckenhillh2@utexas.edu","Armstrong","Genderqueer","Buckenhill"
616,"722-648-3683","Indonesia","08-10-2003","cwarsaph3@netscape.com","Christi","Female","Warsap"
617,"607-527-8870","China","08-12-2004","mwalshh4@unc.edu","Margi","Female","Walsh"
597,"125-879-0616","Sweden","29-12-2008","tfranzottogk@homestead.com","Trumaine","Genderfluid","Franzotto"
598,"821-158-0450","Palestinian Territory","23-04-2013","wraspelgl@berkeley.edu","Winnifred","Female","Raspel"
599,"199-976-0998","Ukraine","26-02-1998","laggliogm@cafepress.com","Ladonna","Female","Agglio"
600,"726-318-9095","Albania","06-07-2018","jgreallygn@creativecommons.org","Jonie","Female","Greally"
601,"226-174-4517","Tunisia","26-10-1993","pjorigo@unesco.org","Pooh","Male","Jori"
604,"140-162-4041","China","23-07-1990","ogroartygr@prweb.com","Odille","Female","Groarty"
605,"755-927-6832","Brazil","16-02-2006","etommisgs@weibo.com","Eolande","Female","Tommis"
608,"519-787-7196","China","27-06-2014","ssarjentgv@gravatar.com","Sibby","Female","Sarjent"
641,"361-221-2481","China","25-11-1992","sbuntainhs@twitpic.com","Sadella","Female","Buntain"
642,"147-623-4460","Indonesia","20-08-2016","ljelphsht@amazon.de","Lombard","Genderqueer","Jelphs"
643,"492-142-8917","Russia","21-09-1996","mwestoverhu@adobe.com","Mohandis","Male","Westover"
644,"502-930-2686","Ukraine","09-02-2021","wmeenehanhv@weather.com","Winny","Male","Meenehan"
645,"549-110-4425","Portugal","26-08-1994","ybartelhw@dell.com","Yasmeen","Non-binary","Bartel"
646,"870-302-7808","China","07-02-2010","lkattehx@tinyurl.com","Loraine","Female","Katte"
647,"237-314-5811","Russia","01-10-2007","afarrieshy@japanpost.jp","Alvin","Male","Farries"
648,"291-200-6403","Russia","25-10-2005","smazzillihz@reuters.com","Silvia","Female","Mazzilli"
649,"756-759-9449","Thailand","02-03-2013","aduryi0@ehow.com","Arabelle","Female","Dury"
650,"665-553-0965","Macedonia","02-03-1995","bheadlyi1@techcrunch.com","Babara","Female","Headly"
742,"334-770-9204","Russia","26-05-2005","lbouzekkl@amazon.de","Leupold","Male","Bouzek"
743,"301-239-7383","Ghana","01-04-2014","drudramkm@tinypic.com","Dela","Female","Rudram"
744,"896-427-5316","Portugal","20-03-2014","acobleykn@technorati.com","Aggy","Female","Cobley"
745,"345-107-5709","China","02-08-2014","sdowdellko@about.com","Stefano","Polygender","Dowdell"
746,"771-662-8307","China","09-12-2014","btantonkp@xrea.com","Bernardine","Female","Tanton"
747,"511-479-0092","Canada","29-08-2003","tburgottkq@facebook.com","Thomasin","Female","Burgott"
748,"200-155-4684","Sweden","05-11-1992","rbaudkr@tripadvisor.com","Russell","Male","Baud"
749,"323-433-4615","Russia","14-11-2012","dlippettks@harvard.edu","Dame","Male","Lippett"
750,"611-429-1742","Honduras","19-01-2004","letonkt@mac.com","Lorry","Male","Eton"
751,"344-189-5193","China","21-02-2002","mbarksku@icq.com","Mariann","Female","Barks"
832,"399-993-5211","Moldova","26-10-2018","lallwrightn3@businessinsider.com","Lanie","Agender","Allwright"
834,"381-232-3958","Argentina","07-12-2016","nmarcroftn5@barnesandnoble.com","Natasha","Female","Marcroft"
835,"713-545-5228","China","12-05-2002","lrenoln6@bloglovin.com","Lance","Male","Renol"
838,"338-395-6681","Belarus","24-07-2012","dchingn9@desdev.cn","Delly","Female","Ching"
839,"914-761-7641","Afghanistan","06-08-2008","mdominettina@alibaba.com","Mariel","Female","Dominetti"
841,"379-937-5344","Greece","20-10-1996","acoatenc@utexas.edu","Antons","Male","Coate"
843,"319-167-0857","Kosovo","10-04-1999","bkleimtne@google.cn","Berti","Female","Kleimt"
845,"184-176-5061","Brazil","12-09-2010","cpleveyng@biglobe.ne.jp","Caren","Female","Plevey"
848,"428-118-8579","Greenland","23-05-1992","dmuckartnj@tinyurl.com","Drusi","Non-binary","Muckart"
849,"473-689-0770","Malta","31-03-2015","tboshardnk@51.la","Trstram","Male","Boshard"
863,"217-721-5822","Brazil","07-09-1992","dvallerineny@ihg.com","Davide","Male","Vallerine"
864,"715-327-8203","Indonesia","13-10-1996","mthriftnz@pcworld.com","Morgana","Female","Thrift"
865,"538-442-9447","Indonesia","03-02-2008","ksculliono0@ucsd.edu","Katerine","Female","Scullion"
866,"147-764-1000","Poland","06-12-1990","bdeenero1@naver.com","Bryce","Male","Deener"
867,"539-434-2616","Ghana","12-03-2012","mleasono2@nba.com","Maurise","Genderfluid","Leason"
868,"236-414-6546","Russia","27-08-2000","livanonkoo3@de.vu","Lyndy","Female","Ivanonko"
869,"451-737-3711","Ukraine","05-10-2002","rhullbrooko4@spiegel.de","Ruthann","Female","Hullbrook"
870,"873-855-5351","China","05-11-2021","jtytcombo5@ebay.com","Joletta","Female","Tytcomb"
871,"913-449-4481","Malaysia","20-09-1994","holyunino6@seesaa.net","Hayden","Male","Olyunin"
872,"255-686-5783","Paraguay","18-04-2008","fferridayo7@vk.com","Florence","Female","Ferriday"
911,"509-601-0378","Cuba","10-01-2004","rcroxallpa@ucoz.ru","Rowney","Male","Croxall"
912,"884-295-3212","Indonesia","01-06-2017","jpeschkapb@vk.com","Jefferey","Male","Peschka"
913,"996-655-6116","Indonesia","09-10-2020","ebickerstassepc@aboutads.info","Eyde","Female","Bickerstasse"
914,"975-776-6679","China","23-04-2003","jvivashpd@typepad.com","Jehu","Male","Vivash"
915,"449-811-3319","Czech Republic","07-12-2003","hsemperpe@opera.com","Hilly","Male","Semper"
916,"924-742-4737","China","16-06-2004","bdearlovepf@marketwatch.com","Brock","Male","Dearlove"
917,"789-275-1929","Cuba","22-07-1990","dcavanaughpg@discovery.com","Davin","Male","Cavanaugh"
918,"738-963-1921","Japan","05-11-2019","ctalbotph@narod.ru","Cindy","Female","Talbot"
919,"742-876-3515","Brazil","04-06-2007","eskewespi@twitpic.com","Ellie","Female","Skewes"
920,"458-350-9149","Thailand","28-07-2021","lbookpj@studiopress.com","Lissi","Female","Book"
951,"852-377-2472","Spain","18-02-2001","chorsefieldqe@disqus.com","Caria","Female","Horsefield"
952,"273-956-5664","Russia","17-09-2021","wcaffreyqf@dailymotion.com","Woody","Male","Caffrey"
953,"238-631-6255","Poland","26-05-2021","mcuerdallqg@wordpress.org","Myrwyn","Male","Cuerdall"
954,"830-724-3138","China","27-06-2001","wosullivanqh@buzzfeed.com","William","Male","O' Sullivan"
955,"191-868-0512","Russia","03-09-1998","wbourtonqi@goo.gl","Wayland","Male","Bourton"
956,"866-246-9636","Greece","17-11-2006","baleksashinqj@blinklist.com","Baxy","Male","Aleksashin"
957,"200-943-7956","Portugal","12-09-2013","fsheeringqk@hostgator.com","Faunie","Female","Sheering"
958,"472-835-1068","Greece","27-09-2005","nhaslumql@amazon.com","Nellie","Female","Haslum"
959,"144-466-6480","Indonesia","06-12-2014","nraddinqm@mtv.com","Nathalia","Female","Raddin"
960,"839-563-5073","Sweden","16-12-2016","cbirtqn@amazon.com","Conchita","Female","Birt"
981,"887-203-4812","Croatia","18-09-1999","ojohnceyr8@networkadvertising.org","Odessa","Female","Johncey"
982,"489-662-9904","China","07-07-2001","tdrakefordr9@ox.ac.uk","Tanitansy","Female","Drakeford"
983,"201-660-0902","Peru","10-06-1993","qpieraccira@reuters.com","Queenie","Female","Pieracci"
984,"452-154-8343","Brazil","04-04-2008","ecasbonrb@vinaora.com","Ervin","Male","Casbon"
618,"822-923-9988","Czech Republic","23-05-2016","ghalladayh5@shareasale.com","Georgianne","Female","Halladay"
619,"855-163-0073","Indonesia","24-01-1997","asutheringtonh6@intel.com","Averell","Male","Sutherington"
620,"798-553-0339","Norway","05-05-2016","cruddyh7@jugem.jp","Carlene","Female","Ruddy"
651,"456-527-2114","Finland","19-12-2005","akeaveneyi2@php.net","Ashli","Female","Keaveney"
652,"941-723-5498","Brazil","30-05-1997","lmurdyi3@hc360.com","Lenci","Male","Murdy"
653,"178-389-1545","China","28-10-2009","fklyni4@wikispaces.com","Felizio","Male","Klyn"
654,"881-153-3666","China","26-06-2008","ptwedei5@hexun.com","Priscella","Non-binary","Twede"
655,"181-804-1326","Brazil","08-08-2017","pbosnelli6@cbc.ca","Peggy","Female","Bosnell"
656,"306-195-3839","Macedonia","07-10-1998","lmcnirlani7@accuweather.com","Lorianne","Agender","McNirlan"
657,"243-157-1006","Czech Republic","08-04-1997","lburnyeati8@wufoo.com","Louis","Male","Burnyeat"
658,"252-247-6730","Philippines","06-04-2022","hbankei9@shutterfly.com","Hort","Male","Banke"
659,"913-800-6525","China","16-02-2016","tfranklingia@yahoo.com","Todd","Male","Frankling"
660,"803-449-3542","China","19-05-2010","apallisib@tripadvisor.com","Artair","Male","Pallis"
681,"560-424-8529","Brazil","15-03-1997","meganiw@seesaa.net","Milton","Male","Egan"
682,"636-453-4516","Cuba","10-09-2004","ktroopix@ca.gov","Katrine","Female","Troop"
683,"143-647-2369","China","05-06-2008","mpankethmaniy@jugem.jp","Marcella","Female","Pankethman"
684,"232-979-4063","China","07-04-2021","fwipfleriz@toplist.cz","Ferdie","Male","Wipfler"
685,"350-351-3169","China","08-01-2012","rgianillij0@washingtonpost.com","Ransom","Male","Gianilli"
686,"916-307-0245","Russia","03-01-2022","efannerj1@sitemeter.com","Emelen","Male","Fanner"
687,"781-123-1504","Japan","21-10-2014","cfraneyj2@unc.edu","Christel","Female","Franey"
688,"332-728-3297","Brazil","17-07-2013","ecollymorej3@ca.gov","Elaine","Female","Collymore"
689,"962-725-5626","Brazil","19-04-1998","efitchettj4@github.io","Ella","Female","Fitchett"
690,"143-926-1592","Thailand","22-01-2011","lbesseyj5@w3.org","Lyda","Female","Bessey"
701,"342-425-5826","Sweden","19-02-2002","yskeatsjg@sakura.ne.jp","Yevette","Female","Skeats"
702,"755-576-2760","Indonesia","29-01-1996","ahuggardjh@stanford.edu","Abbey","Male","Huggard"
703,"251-106-7965","Canada","15-07-1995","bmawmanji@blogtalkradio.com","Bartlett","Male","Mawman"
704,"906-527-1741","Philippines","22-05-2010","anylandjj@ifeng.com","Amelita","Female","Nyland"
705,"913-720-9612","China","16-09-2011","gmaciunasjk@mediafire.com","Gal","Male","Maciunas"
706,"310-907-6428","Taiwan","08-04-2008","gbazeleyjl@auda.org.au","Gil","Male","Bazeley"
707,"396-125-3135","Nicaragua","01-07-2010","mharlyjm@typepad.com","Margette","Bigender","Harly"
708,"529-467-0486","Indonesia","03-07-2020","sstrelitzerjn@people.com.cn","Shandeigh","Female","Strelitzer"
709,"360-157-9788","Philippines","23-08-1990","pwebburnjo@sciencedaily.com","Paco","Male","Webburn"
710,"924-959-8405","China","22-02-2017","fclemojp@businesswire.com","Farlee","Male","Clemo"
711,"751-555-5031","Russia","21-05-1990","hmillierjq@mail.ru","Haroun","Male","Millier"
712,"812-959-1855","China","02-11-2002","ppentonyjr@google.co.jp","Perice","Male","Pentony"
713,"883-483-9281","China","27-01-2014","sfeildjs@omniture.com","Starr","Female","Feild"
714,"414-173-2880","Cameroon","10-09-2004","fsoalljt@tamu.edu","Fancy","Female","Soall"
715,"991-551-2007","China","27-05-1996","spickerju@ezinearticles.com","Sapphire","Female","Picker"
716,"188-998-1888","Ukraine","17-08-2006","wwraightjv@intel.com","Win","Male","Wraight"
717,"409-324-7481","Liberia","25-03-2021","cmcgilbonjw@virginia.edu","Clerissa","Female","McGilbon"
718,"651-231-5497","Indonesia","15-08-1995","fjacobsonjx@irs.gov","Francesca","Female","Jacobson"
719,"502-383-3657","United States","11-07-1992","strammeljy@chron.com","Shaylah","Female","Trammel"
720,"176-996-9185","Georgia","04-08-2000","lbatalinijz@mapquest.com","Linnea","Female","Batalini"
731,"523-754-6651","Sri Lanka","16-01-1993","aboskellka@mapquest.com","Aleece","Female","Boskell"
732,"230-560-6132","China","12-08-2004","abillitterikb@home.pl","Agneta","Polygender","Billitteri"
733,"299-909-5831","Philippines","28-07-2008","danthonkc@hao123.com","Deck","Male","Anthon"
734,"747-479-4537","China","19-11-2004","socklandkd@foxnews.com","Sosanna","Female","Ockland"
735,"253-933-6261","China","08-12-2013","acrutchleyke@google.cn","Aida","Female","Crutchley"
736,"364-419-2747","China","13-09-2003","cblaszczykkf@php.net","Cally","Female","Blaszczyk"
737,"560-338-4702","Portugal","23-06-1998","acaselickkg@europa.eu","Antonino","Male","Caselick"
738,"506-408-3731","Philippines","29-07-1997","mmactrustriekh@imageshack.us","Maryrose","Female","MacTrustrie"
739,"484-631-5628","Brazil","12-11-2006","dnenoki@nps.gov","Dalt","Male","Neno"
740,"826-215-0608","Argentina","05-02-2002","dmordecaikj@devhub.com","Duke","Male","Mordecai"
761,"234-503-3315","Israel","16-01-1993","crigglesfordl4@diigo.com","Crichton","Male","Rigglesford"
762,"946-251-9173","Luxembourg","09-01-1997","lcrockerl5@infoseek.co.jp","Langsdon","Male","Crocker"
763,"234-983-1855","Indonesia","12-11-1997","cduberryl6@cbc.ca","Con","Female","Duberry"
764,"585-899-9840","Argentina","25-07-1994","tdonnl7@kickstarter.com","Tymothy","Male","Donn"
765,"423-540-3032","Guatemala","15-01-1993","fbleakleyl8@telegraph.co.uk","Farrand","Female","Bleakley"
786,"615-160-6244","Sweden","11-01-1998","lewelllt@wix.com","Lisle","Male","Ewell"
787,"825-234-4787","Canada","16-04-1998","kwhitmelllu@amazonaws.com","Kirstyn","Female","Whitmell"
788,"824-547-6720","Albania","24-04-2009","dbennitlv@woothemes.com","Davis","Male","Bennit"
789,"730-955-3950","Sweden","04-04-2019","gzoellnerlw@pen.io","Grayce","Female","Zoellner"
790,"492-197-7345","Portugal","18-12-2017","dburneylx@howstuffworks.com","Dee dee","Female","Burney"
801,"829-680-6099","China","28-09-2008","frraundlm8@123-reg.co.uk","Florida","Agender","Rraundl"
802,"559-246-2275","Mexico","19-12-1998","mcossentinem9@yahoo.com","Mervin","Male","Cossentine"
803,"428-538-6783","Sweden","21-10-2003","ccogzellma@multiply.com","Cyndy","Female","Cogzell"
804,"442-514-1836","China","26-07-2012","rbiswellmb@hhs.gov","Rosalind","Female","Biswell"
805,"684-687-1256","France","14-05-1991","eedgeworthmc@cmu.edu","Evin","Male","Edgeworth"
806,"405-477-8248","Greece","14-01-2014","mharmstonemd@godaddy.com","Murdoch","Male","Harmstone"
807,"119-411-6681","Russia","11-02-2022","rclementme@newsvine.com","Rasla","Female","Clement"
808,"998-525-2117","Netherlands","28-06-2013","bbruyettmf@wix.com","Bartholomew","Male","Bruyett"
809,"214-833-2553","China","21-02-2011","rtenneymg@ustream.tv","Ramona","Female","Tenney"
810,"190-549-5448","French Polynesia","04-08-1994","gulyatmh@surveymonkey.com","Guinna","Female","Ulyat"
625,"820-786-7209","Japan","29-12-2002","wfarmanhc@independent.co.uk","Wylma","Female","Farman"
626,"486-316-1576","Austria","17-08-2005","blacostehd@nsw.gov.au","Brandea","Female","Lacoste"
627,"325-229-9048","Ivory Coast","03-01-2020","tbroadberehe@rakuten.co.jp","Tanya","Female","Broadbere"
628,"903-981-6240","Palestinian Territory","20-10-2019","sdonaldsonhf@cargocollective.com","Stavro","Male","Donaldson"
629,"582-646-1409","Greece","14-07-2018","pfrankumhg@mlb.com","Peirce","Male","Frankum"
630,"384-717-0806","France","27-01-1997","bkeeleyhh@naver.com","Bambi","Female","Keeley"
661,"432-697-6300","United States","10-06-1992","rcreeboeic@paypal.com","Rochelle","Genderfluid","Creeboe"
662,"115-745-2106","Mexico","01-05-2011","ppickeringid@tripadvisor.com","Philbert","Male","Pickering"
663,"965-421-4376","China","09-12-2013","cseveryie@yellowbook.com","Corey","Female","Severy"
664,"805-466-0763","China","06-08-1993","cenosif@tinypic.com","Carmita","Female","Enos"
665,"296-703-2647","Philippines","05-08-1993","hwinskillig@archive.org","Hale","Male","Winskill"
666,"104-241-7948","China","18-04-2020","sparisih@blog.com","Sisely","Female","Paris"
667,"405-424-0132","Venezuela","10-12-2001","btournieii@webnode.com","Birgitta","Female","Tournie"
668,"806-915-6806","Japan","24-04-2021","hbaxstareij@spiegel.de","Harper","Male","Baxstare"
669,"192-453-6602","Indonesia","07-06-1998","dbigginsik@msn.com","Deedee","Female","Biggins"
670,"875-487-3733","Poland","01-11-2017","wspurdensil@reuters.com","Wallas","Male","Spurdens"
691,"724-998-1917","China","03-10-1995","wlippinij6@sphinn.com","Wat","Male","Lippini"
692,"925-199-6226","Netherlands","11-11-2017","smerringtonj7@dot.gov","Selena","Female","Merrington"
693,"996-534-6393","Slovenia","29-06-2003","ggartonj8@blogspot.com","Gaspar","Male","Garton"
694,"774-496-2145","Russia","26-02-2015","kshalloej9@bbb.org","Kandace","Female","Shalloe"
695,"645-828-1434","Ukraine","03-06-1992","vpeartreeja@pagesperso-orange.fr","Vanda","Female","Peartree"
696,"834-331-6944","Indonesia","20-01-2012","cbawdonjb@soup.io","Carmelle","Female","Bawdon"
697,"949-272-9885","Czech Republic","26-04-2016","rliverseegejc@tamu.edu","Raviv","Male","Liverseege"
698,"829-853-0295","Georgia","07-11-2011","pmedlinjd@goodreads.com","Paton","Male","Medlin"
699,"485-525-1186","Brazil","18-05-1997","jtomaselloje@indiegogo.com","Janet","Female","Tomasello"
700,"222-403-8136","Argentina","18-07-2012","jwaggattjf@clickbank.net","Jaimie","Female","Waggatt"
721,"699-957-1220","China","28-01-2015","venderbyk0@foxnews.com","Vina","Female","Enderby"
722,"737-819-0719","Poland","08-02-2002","odoylandk1@homestead.com","Olivier","Male","Doyland"
723,"915-400-2965","United States","07-10-1991","asprattk2@time.com","Adore","Female","Spratt"
724,"606-572-0196","Philippines","03-07-2015","awodelandk3@who.int","Aurea","Female","Wodeland"
725,"309-589-0819","Bolivia","11-12-2018","dpattlelk4@craigslist.org","Derril","Male","Pattlel"
726,"626-135-4804","Brazil","16-10-1994","sherrerank5@guardian.co.uk","Suzy","Female","Herreran"
727,"140-394-6357","Canada","07-02-1991","alafflingk6@techcrunch.com","Alisander","Male","Laffling"
728,"950-798-6485","Finland","11-12-2006","mcissenk7@google.it","Matthias","Male","Cissen"
729,"227-274-2848","Vietnam","24-04-2001","swibrewk8@examiner.com","Skylar","Male","Wibrew"
730,"985-507-8905","United Kingdom","23-09-1994","jbirneyk9@tripadvisor.com","Jermaine","Female","Birney"
766,"576-959-7086","China","03-04-1992","fangovel9@fda.gov","Fidelia","Female","Angove"
768,"204-278-9400","Portugal","25-05-2013","mgulylb@trellian.com","Madelin","Female","Guly"
769,"972-888-3138","Indonesia","31-05-2004","mhillinglc@pagesperso-orange.fr","Merrilee","Female","Hilling"
771,"414-168-5596","China","30-07-2012","adinnagele@patch.com","Andie","Male","Dinnage"
773,"235-571-8608","Philippines","18-05-2012","msimantslg@mediafire.com","Meir","Male","Simants"
774,"526-587-9724","China","06-07-1997","bpenkethlh@ihg.com","Bennett","Male","Penketh"
775,"252-897-4509","China","23-07-2001","kburryli@soup.io","Katrinka","Female","Burry"
776,"115-942-8573","France","07-07-1998","wpaulalj@163.com","Wallis","Male","Paula"
777,"750-744-0533","Venezuela","30-11-2006","pdalgarnolk@xrea.com","Paola","Female","Dalgarno"
778,"831-593-4853","United States","14-07-2002","jbagniukll@unc.edu","Joby","Female","Bagniuk"
791,"985-159-2997","Japan","05-06-1994","bmackleyly@surveymonkey.com","Bonny","Female","Mackley"
792,"733-468-3569","Malaysia","17-11-2004","hverbekelz@livejournal.com","Harley","Female","Verbeke"
793,"901-737-4044","Dominican Republic","25-11-2018","msapshedm0@ed.gov","Melisandra","Female","Sapshed"
794,"959-649-1945","Malaysia","22-03-1995","bfraginom1@toplist.cz","Berti","Female","Fragino"
795,"162-807-3355","Jordan","27-12-2017","twinsburym2@zimbio.com","Tynan","Male","Winsbury"
796,"176-781-8637","China","28-01-2015","eplanksm3@ft.com","Eda","Female","Planks"
797,"479-852-3934","Poland","27-01-2019","mroundingm4@lulu.com","Maryrose","Female","Rounding"
798,"563-255-7226","Belarus","13-12-2006","prennerm5@scribd.com","Paula","Female","Renner"
799,"402-498-3239","United States","20-06-1999","cmatchettm6@usda.gov","Celia","Female","Matchett"
800,"907-641-5565","Portugal","04-04-2018","lludovicom7@topsy.com","Leslie","Female","Ludovico"
820,"311-897-9300","Spain","18-06-2021","sblowenmr@dyndns.org","Shelley","Male","Blowen"
822,"680-461-5209","Latvia","16-01-1999","scostanzamt@google.com.au","Sarene","Genderqueer","Costanza"
823,"249-616-5522","Canada","05-12-2007","akixmu@sohu.com","Adan","Male","Kix"
824,"482-715-0320","China","30-08-2013","wdrowsfieldmv@opera.com","Winny","Male","Drowsfield"
825,"318-808-8794","Brazil","19-03-2002","mjewessmw@wordpress.com","Myriam","Female","Jewess"
826,"163-977-0728","Philippines","20-06-2020","oskinnmx@wikipedia.org","Orson","Male","Skinn"
827,"172-406-2119","Japan","29-03-2011","omaccimy@360.cn","Osbourn","Male","Macci"
828,"337-413-9721","China","16-01-2000","wmcerlainemz@biblegateway.com","Wendye","Genderqueer","McErlaine"
829,"704-508-3980","Tanzania","12-05-2011","motoweyn0@jimdo.com","Maurise","Female","O'Towey"
830,"889-119-0473","Argentina","08-03-1998","hheindrickn1@canalblog.com","Hester","Female","Heindrick"
861,"259-330-4591","Honduras","05-02-2001","sivanisovnw@ow.ly","Sherrie","Female","Ivanisov"
862,"554-795-2904","Brazil","15-12-2010","wlanigannx@uiuc.edu","Whitney","Non-binary","Lanigan"
873,"502-939-5311","France","05-01-2006","kfredianio8@ezinearticles.com","Kristopher","Male","Frediani"
874,"643-790-4106","Macedonia","08-05-2003","rhryniewiczo9@macromedia.com","Ruth","Female","Hryniewicz"
875,"873-902-4802","Ukraine","03-03-2021","ggridleyoa@walmart.com","Granger","Male","Gridley"
876,"224-776-3347","Poland","20-05-2000","cmillwaterob@goo.ne.jp","Catrina","Female","Millwater"
784,"121-633-1851","Mali","08-06-2013","sgillardlr@clickbank.net","Sibley","Female","Gillard"
785,"550-750-9028","Poland","20-04-2003","rshalels@ifeng.com","Reggis","Male","Shale"
831,"610-549-7777","Japan","04-07-2000","labrahamiann2@xinhuanet.com","Lela","Female","Abrahamian"
833,"716-383-1405","Indonesia","29-10-1993","stomikn4@liveinternet.ru","Shem","Male","Tomik"
836,"549-755-4607","Croatia","26-06-2000","sfreegardn7@homestead.com","Saba","Female","Freegard"
837,"928-320-6933","Ghana","09-11-1993","criepln8@barnesandnoble.com","Calida","Female","Riepl"
840,"259-806-7675","Ireland","03-10-2004","imacalpynenb@1und1.de","Ingamar","Male","MacAlpyne"
842,"861-569-7078","China","01-11-2021","dbrattellnd@census.gov","Darcey","Female","Brattell"
844,"103-492-5311","Japan","20-08-2011","cgabitesnf@icio.us","Coop","Male","Gabites"
846,"786-778-5648","Spain","04-11-2020","cianittinh@senate.gov","Cecilla","Female","Ianitti"
847,"779-528-0549","China","09-03-2018","llegassickni@blogspot.com","Lauree","Female","Le Gassick"
850,"127-311-2934","China","10-06-2015","tornillosnl@vkontakte.ru","Tanney","Male","Ornillos"
881,"780-511-0444","Philippines","03-01-1995","gahrenog@toplist.cz","Gerianna","Female","Ahren"
882,"164-868-6009","China","13-12-2016","fburnhardoh@census.gov","Ferguson","Male","Burnhard"
883,"516-406-0144","Japan","11-10-2004","sdebruijnoi@xrea.com","Seumas","Male","De Bruijn"
884,"772-941-0693","United States","20-10-1998","ocorrisoj@bizjournals.com","Olivie","Agender","Corris"
885,"695-944-8184","Portugal","17-12-2010","aigoeok@deviantart.com","Allen","Male","Igoe"
886,"255-112-5023","Uzbekistan","09-09-2006","cmatzkaitisol@wordpress.com","Cindelyn","Female","Matzkaitis"
887,"475-428-4183","Mexico","23-04-2009","swithropom@fotki.com","Saba","Female","Withrop"
888,"542-318-8149","Indonesia","23-10-2000","nolerenshawon@tmall.com","Noelle","Female","Olerenshaw"
889,"564-335-1299","Madagascar","20-04-2019","tguiraudoo@4shared.com","Thain","Male","Guiraud"
890,"454-156-9484","Russia","29-07-1993","scordovaop@ebay.co.uk","Sisile","Female","Cordova"
921,"844-577-4764","China","06-06-2008","jstearnpk@msu.edu","Joey","Female","Stearn"
922,"432-195-2359","China","12-02-2016","rplevenpl@stumbleupon.com","Robbert","Male","Pleven"
923,"471-916-6874","Indonesia","15-06-1996","mastridgepm@berkeley.edu","Mickey","Male","Astridge"
924,"517-928-5655","South Africa","03-03-1993","cwelbournpn@diigo.com","Cam","Female","Welbourn"
925,"392-862-1148","Portugal","10-04-1998","gdesouzapo@bloglines.com","Gayleen","Non-binary","De Souza"
926,"361-996-2775","Taiwan","10-02-1993","sbeautymanpp@nydailynews.com","Sibelle","Genderqueer","Beautyman"
927,"315-816-1460","China","22-09-2011","amoritpq@tamu.edu","Ambrosio","Male","Morit"
928,"606-433-1999","Indonesia","17-07-2017","ehollowspr@sina.com.cn","Elvis","Male","Hollows"
929,"518-657-2422","Brazil","07-10-2014","astirlingps@techcrunch.com","Alicia","Non-binary","Stirling"
930,"975-720-4748","China","07-08-2018","cmeiningenpt@shareasale.com","Carlita","Female","Meiningen"
961,"131-365-4150","China","20-01-1993","aoskehanqo@naver.com","Anthia","Female","O'Skehan"
962,"221-805-9866","Brazil","26-06-1994","dmarsieqp@shinystat.com","Dotti","Female","Marsie"
963,"773-370-8054","Philippines","30-07-2014","ekiosselqq@bloomberg.com","Eolanda","Female","Kiossel"
964,"852-263-8434","China","19-12-2016","lhavisqr@stanford.edu","Luci","Female","Havis"
965,"755-239-1099","Uzbekistan","30-08-2002","ccantoqs@si.edu","Claudie","Female","Canto"
966,"285-993-9380","Ivory Coast","16-09-1992","drapleyqt@walmart.com","Davin","Male","Rapley"
967,"770-410-2705","Brazil","12-07-2020","hkeigherqu@ask.com","Hartwell","Male","Keigher"
968,"814-855-4635","Madagascar","11-10-2016","avispoqv@csmonitor.com","Arlen","Bigender","Vispo"
969,"686-451-8895","France","01-07-1996","gpicardoqw@yelp.com","Giffie","Male","Picardo"
970,"438-854-0424","Bolivia","24-02-1996","pledurqx@drupal.org","Payton","Male","Ledur"
991,"402-736-4394","Poland","15-04-2015","bdesvignesri@tumblr.com","Bernette","Female","Desvignes"
992,"983-795-0481","China","30-05-1997","ajermynrj@homestead.com","Adey","Female","Jermyn"
993,"918-491-7858","Russia","27-01-2017","jgwillyamrk@lulu.com","Joe","Genderfluid","Gwillyam"
994,"646-672-9876","Albania","18-07-2006","pdavidovicrl@moonfruit.com","Patricio","Male","Davidovic"
995,"156-249-8309","Malaysia","03-03-1996","apontainrm@auda.org.au","Arleen","Genderfluid","Pontain"
996,"188-652-3663","Portugal","06-11-2021","jdobererrn@surveymonkey.com","Jenni","Female","Doberer"
997,"764-482-1405","China","23-09-2013","ebuncherro@reuters.com","Eveleen","Female","Buncher"
998,"243-647-5326","Russia","30-08-2021","woslarrp@gov.uk","Waldemar","Male","Oslar"
999,"855-756-0848","France","16-02-2003","mmorrelrq@intel.com","Mikaela","Female","Morrel"
1000,"430-677-0804","Portugal","09-10-2021","ppetrikrr@spotify.com","Pryce","Male","Petrik"
811,"661-909-8280","Japan","20-07-2018","mdallanmi@mapy.cz","Mildrid","Female","Dallan"
812,"567-497-2766","Botswana","14-04-2014","tparkinmj@paginegialle.it","Thomasa","Agender","Parkin"
813,"518-776-6374","Japan","09-03-1998","evegasmk@baidu.com","Ernaline","Female","Vegas"
814,"868-209-6457","Japan","09-08-2006","tsapsfordeml@va.gov","Thaddeus","Male","Sapsforde"
815,"482-618-6170","Poland","07-04-2010","gshallikermm@sourceforge.net","Graehme","Male","Shalliker"
816,"760-290-4930","France","09-01-2022","vdwightmn@360.cn","Vidovic","Male","Dwight"
817,"423-370-2668","China","20-12-1999","bburgoinemo@odnoklassniki.ru","Bastien","Male","Burgoine"
818,"950-190-6848","Philippines","07-12-2011","gcarmontmp@webeden.co.uk","Giles","Male","Carmont"
819,"373-511-2804","Philippines","05-02-1999","fchartemq@imageshack.us","Friedrich","Genderqueer","Charte"
821,"728-845-6456","Portugal","13-08-2010","lsintonms@amazon.com","Lindsay","Male","Sinton"
851,"132-929-4356","Ethiopia","29-01-2001","jshadfourthnm@census.gov","Jemmy","Female","Shadfourth"
852,"431-356-6374","Indonesia","06-08-2011","sseidenn@histats.com","Starlin","Female","Seide"
853,"276-927-8024","China","15-04-1998","trosieno@woothemes.com","Tawnya","Female","Rosie"
854,"843-396-9749","Vietnam","17-11-1995","olillenp@1688.com","Oates","Male","Lille"
855,"998-320-6349","Sweden","22-02-2011","agoudgenq@weather.com","Ali","Male","Goudge"
856,"356-402-0905","Brazil","02-07-2001","ckenrightnr@qq.com","Cinda","Female","Kenright"
857,"794-566-2490","Argentina","09-03-1995","dlackemannns@cbslocal.com","Dodie","Female","Lackemann"
858,"635-977-7218","United Kingdom","29-04-2019","dbradnocknt@japanpost.jp","Durand","Male","Bradnock"
859,"757-620-9267","United States","02-12-2001","lscampionnu@oaic.gov.au","Lianne","Female","Scampion"
860,"347-910-7163","Mexico","28-11-2005","atoveynv@alexa.com","Antonin","Male","Tovey"
891,"418-728-9910","China","16-03-1995","easpinelloq@yelp.com","Evonne","Female","Aspinell"
892,"409-534-0017","Philippines","30-05-2010","lwilberor@google.com.hk","Lynn","Female","Wilber"
893,"704-497-3888","Brazil","15-01-2005","dkinsettos@walmart.com","Dorolisa","Female","Kinsett"
894,"170-296-0467","Spain","21-09-1990","kmeritot@tuttocitta.it","Kelley","Male","Merit"
896,"340-794-6199","Croatia","24-08-2018","gfitterov@amazon.com","Georg","Male","Fitter"
898,"310-139-3743","Brazil","05-06-1994","jpencostox@google.de","Jere","Female","Pencost"
900,"739-439-4132","Taiwan","11-12-1999","rmatantsevoz@dyndns.org","Reed","Male","Matantsev"
902,"539-858-5144","Colombia","12-05-1992","hattiwillp1@timesonline.co.uk","Hedi","Female","Attiwill"
903,"777-292-9075","Netherlands","14-11-2015","swalesap2@abc.net.au","Sarita","Female","Walesa"
905,"346-285-0679","Indonesia","10-09-1996","sbowllerp4@rediff.com","Scarlet","Female","Bowller"
936,"831-331-5257","Czech Republic","14-06-2008","cpapispz@yellowbook.com","Che","Male","Papis"
938,"966-317-2678","China","27-01-2009","asedgeq1@facebook.com","Aron","Male","Sedge"
940,"134-694-2230","Argentina","20-11-1994","tbattyeq3@mlb.com","Tressa","Female","Battye"
942,"404-584-3033","Vietnam","02-01-2011","cprestidgeq5@feedburner.com","Codee","Female","Prestidge"
944,"276-956-1041","Iran","23-10-2018","eshaleq7@wufoo.com","Evey","Polygender","Shale"
946,"249-804-6964","Bulgaria","06-08-2010","mcootsq9@instagram.com","Mirella","Female","Coots"
947,"804-566-7843","Bangladesh","20-09-2002","wedlestonqa@census.gov","Welsh","Male","Edleston"
948,"339-658-6010","China","26-10-2017","mbranfordqb@freewebs.com","Maryl","Female","Branford"
949,"691-688-3974","China","28-10-2013","cmillisqc@google.com.hk","Charley","Male","Millis"
950,"990-779-6546","Guatemala","16-07-2010","jwolversonqd@globo.com","Joanne","Female","Wolverson"
877,"796-492-2493","Indonesia","06-11-1993","mgomezoc@furl.net","Mala","Female","Gomez"
878,"733-966-5330","Brazil","02-06-2011","hklimontovichod@ycombinator.com","Hetti","Female","Klimontovich"
879,"319-173-8938","Iraq","18-03-2016","rmcbainoe@blinklist.com","Randall","Male","McBain"
880,"861-562-7079","Russia","30-11-1999","lvanniekerkof@feedburner.com","Lorianna","Female","Van Niekerk"
895,"933-485-9290","Slovenia","05-08-1993","jlewishamou@shutterfly.com","Jocelyne","Genderqueer","Lewisham"
897,"152-260-6935","Russia","26-08-1993","rchedgeyow@thetimes.co.uk","Ralph","Male","Chedgey"
899,"104-223-0262","Czech Republic","19-05-2004","aeggertonoy@blogger.com","Alyce","Genderfluid","Eggerton"
901,"892-724-1647","Myanmar","01-09-2010","bsteffansp0@narod.ru","Benoite","Agender","Steffans"
904,"973-455-8496","Indonesia","29-04-2002","bkastingp3@over-blog.com","Berne","Male","Kasting"
906,"409-221-1777","Peru","11-06-2000","jgomezp5@alexa.com","Joni","Female","Gomez"
907,"627-335-2101","Indonesia","19-01-2020","jjoiceyp6@mail.ru","Jeralee","Female","Joicey"
908,"120-387-1522","Vietnam","27-01-2016","lstoaksp7@state.tx.us","Liuka","Female","Stoaks"
909,"362-512-1353","Venezuela","02-08-2001","mtorrijosp8@jalbum.net","Merrilee","Female","Torrijos"
910,"602-268-5466","China","09-02-1991","rferenczp9@mayoclinic.com","Rena","Female","Ferencz"
931,"206-526-5026","China","08-04-2017","jgoodnowpu@domainmarket.com","Jessamyn","Female","Goodnow"
932,"697-595-7476","Macao","11-11-1998","rdaudraypv@about.me","Romonda","Female","Daudray"
933,"364-121-1684","Russia","29-08-1992","ogaultpw@google.es","Odille","Polygender","Gault"
934,"425-846-3467","China","06-12-1992","lclelandpx@tinypic.com","Laurella","Female","Cleland"
935,"210-559-3837","Indonesia","28-08-2020","lolivetpy@businesswire.com","Leda","Female","Olivet"
937,"686-151-0310","China","23-09-2007","ffewq0@nbcnews.com","Felicle","Bigender","Few"
939,"234-893-9678","China","26-08-2014","rofallonq2@wp.com","Renata","Female","O'Fallon"
941,"619-978-0214","Indonesia","28-04-1993","nmonteithq4@vimeo.com","Nathanil","Male","Monteith"
943,"929-175-6365","Nigeria","02-09-2010","paspoleq6@stanford.edu","Powell","Bigender","Aspole"
945,"308-387-9512","China","30-09-2010","cspavenq8@etsy.com","Cassie","Female","Spaven"
971,"658-251-1462","Brazil","17-11-2014","kmerricksqy@weibo.com","Ketti","Female","Merricks"
972,"606-113-7952","Brazil","28-11-1995","mkiehneqz@csmonitor.com","Maddy","Female","Kiehne"
973,"863-279-0177","China","06-01-1999","bcorkelr0@psu.edu","Broddy","Male","Corkel"
974,"605-986-4578","Philippines","03-03-2017","gcropperr1@csmonitor.com","Guglielma","Female","Cropper"
975,"545-763-2584","Morocco","10-12-1993","udursleyr2@ezinearticles.com","Ulrich","Male","Dursley"
976,"566-299-2452","France","19-01-1996","pbowcockr3@gravatar.com","Paco","Male","Bowcock"
977,"319-270-0683","Indonesia","12-06-2012","bgrester4@posterous.com","Bernette","Female","Greste"
978,"467-713-8782","Indonesia","11-09-2016","ekuschker5@weebly.com","Evin","Male","Kuschke"
979,"572-830-6911","Indonesia","13-05-1991","tcombenr6@tmall.com","Torie","Polygender","Comben"
980,"287-466-4211","China","04-09-2000","mcanningr7@netlog.com","Myrtie","Female","Canning"
985,"307-386-8537","Indonesia","28-07-1995","mbourthouloumerc@marketwatch.com","Mendy","Male","Bourthouloume"
986,"411-827-5186","Angola","29-12-2004","mhalvosenrd@hhs.gov","Martica","Female","Halvosen"
987,"959-607-8902","Russia","30-09-2003","ataaffere@aboutads.info","Antonietta","Female","Taaffe"
988,"865-124-2521","Portugal","31-12-2009","klapworthrf@amazon.co.uk","Kim","Male","Lapworth"
989,"384-605-7910","Russia","03-10-2003","dmilmoerg@biglobe.ne.jp","Dave","Genderfluid","Milmoe"
990,"183-405-2323","China","17-04-2011","mzottolirh@state.gov","Marcellus","Male","Zottoli"
